Label,Text
0,都不够我一手握的。这幺小的苹果我还第一次见。很不值
1,宝贝很好 给爸爸买的 爸爸很喜欢 穿上显年轻 爸爸很开心 我也很开心
0,联想到前段时间华为用库存芯片到旗舰机上。。。我觉得你们有必要好好反省了，不光埋头做产品的如此，你们售后也应该一样反思！
0,一个充满铜臭的酒店。吸氧，每小时要收90元。办理入住，直接扣除2天房费，并声称若不足2天，不退款。热水龙头出水奇慢。相关问题，前台一问三不知。
1,货流速度快，拆箱后查验，是正品，价格并没有优惠多少，唯一的优势是当天送货上门。
1,东西收到，店家服务态度好，物流速度快，苹果每个都很漂亮，满意给全满分好评
1,很不错，买来就用上了。非常棒啊…会一直支持京东
0,衣服大小合适，面料也不错
0,住过的最差酒店！夜里2点左右走道里开始有打斗声，尖叫声，吵闹声，至少30分钟！室内地毯肮脏不堪，到处都是黑色或棕色印记，浴缸里也很多污痕或许干脆就是破损。淋雨头时常从固定处掉下来，洗个澡要靠一只手时刻拿着淋浴花洒。绝不住第二次！
1,非常棒的华为平板，大小合适，可以通话，正好给送妈妈，把旧的手机升级了。京东物流从下单到家门12小时，赞赞赞。
1,外观精美，屏幕清晰，连上wifi后运行流畅，唯一不足～电量不耐用
1,香草冰激凌，蒙牛的，喜欢滴。
1,物流超快，下单第二天就到了！用来看电子书和视频很棒！电量也耐用，喜欢！！
0,火龙果 有一个很奇类 跟另外2个差距太大 就是很小 ！苹果不脆 很松
0,买了不到二十天750卖了，安卓的平板建议大家还是不要买了，好多软件更新非常慢，这个跟大屏手机一样，装的都是手机的APP买来用两天卡的受不了，后来才知道华为的东西都是高价低配。再也不买华为了。
0,在携程已经确认的订单，酒店前台竟然查不到，怪了
0,没有看到使用截止日期，说好的赠品也没有，还有待进一步使用。
0,洗发水太差劲了，本来没有头皮屑的，用过这种洗发水头好出油不说，头皮屑也多，头皮发痒
0,这还买的水果一点都不满意，坏得太多，不是碰坏的，本身坏了，
1,很新潮	很适合学生	外观好靓
0,衣服实际颜色和图片显示差别大，尺寸小，严重有皱褶，起球。
1,环境还算幽静。别墅标间的房间略小。卫生间倒还算宽敞，设施较好。服务还好。就是价格太高。
0,什么进口红柚，又酸又苦，家里人尝了尝就没人再吃了，白花了几十块钱
0,不厚道地怀疑他们有私人恩怨（比如所谓不配合之类）不然蒙牛这么逆天的企业为啥不改又不死还没人出来说话？
0,服务差。预定后说有送迷你吧的饮料。等了一个晚上都没有饮料。
0,都漏出来了，这包装真行。
1,蒙牛+手工饼干搭配不错慢慢复习@菲家西点铺
1,房子还好，地理位置也还不错，但是不值得这样的价位。同样的水平，徐汇区的华亭宾馆才600多元，这里却要1000元。
1,相信品牌！相信京东！物流超赞！味道不错！新鲜可见！包装完好！潘总代言……呵呵！
1,宝贝已收到，包装严实，质量很好，屏幕大用着方便，非常满意的一次购物，好评
1,性价比很高的一款平板，华为大品牌，值得信赖！
1,有时候，一本好书的标准不是情节多么跌宕起伏，场面描写多么宏伟，蕴涵的社会意义有多深，这些，在很多时候都不是读书的目的。当现代生活越来越快速，生活压力越来越大的时候，能让烦闷的人们在阅读的时候心情愉悦的书，就是一本好书。这本书的经典就在于此。我已将这本书送给一个朋友，因为好心情是要分享的。
0,机场旁边就是图个搭飞机方便，谈不上什么服务，酒店就是一个快捷酒店，中规中矩，就凑合睡个觉而已。综合来说只能算一般般吧。
1,很满意啊，物流很快，第二天就到了，比超市便宜好多。
1,价格实惠，一直用这个牌子，好用实惠，快递速度快
0,呵呵自己看吧，还是去超市买。真还是假，不信买了试试
1,在自提点检测了挺久，算是完美屏吧，各方面性能也不错，跑vista也没什么不好，所以没改装XP。 样子还是蛮好看的，网上自己搞定了分区。
0,这个苹果太差，一点都不新鲜，坏心。
1,面料很好，款式不错老公非常满意。
1,一直用沙宣，洗完头超级舒服，小装旅行用，不用再单独买了，方便方便，物流给力呀
1,到货很快，确实实惠，下次还要再来！
1,手机是不错就是拿起来好重
1,非常好的商品非常好的商品非常好的商品
1,还不错，希望价格更优惠。还不错，希望价格更优惠。
1,裤子很好，很显腿长，很不错，大家好好考虑考虑吧
1,大 就是大 牛逼性杠杠的
1,还不错的商品，京东师傅服务也很好，送货上门很便捷。
1,个头适中，脆甜的口感，很新鲜哦
1,宝贝非常好穿起来非常舒服比较满意
0,自己不买和告诫身边的人就好了! 你要理解这个世界傻逼的人总是存在的.对不起，又打错别字了 抵制蒙牛两年了。没用，人家造赚
0,如果有0星，我肯定给。手机刚买第三天就出现死机，问客服还说帮忙问问，然后就没有然后了，第一次在京东购物有如此差的感受，希望京东珍视自己的品牌，彻底清除一些*冒伪劣的商家，以后再也不会在京东上买手机了。
0,四个字严重差评 浪费钱
1,昨天到的，电话打不通，快递员直接送到家，真好，就是刚买就降价了，
1,自营物流很好，果子也很不错，满意
0,我找了半天客服都找不到！买了红心发白心
1,相信京东！第一次在京东上买水果，感觉还不错。
1,选料做工都不错，拿在手里很有质感。自带的数码相机也挺好，可外接闪光灯，支持视频拍摄功能，效果也说的过去。还有延时录制及播放功能，视频及图像可通过E-mail或MMS短信与文字及声音一起发到别的手机上。电话本的容量也够大，内置Modem，速度也还可以接收，最关键的是刚降完价。
0,超乎寻常之差，怎么评的三星不知道，按说就那设施水平连县级招待所都不如。房间巨窄，洗手间就纯一厕所，连个放物品的台子都没有，地漏巨容易堵，刚洗5分钟就水漫金山。总之，设备过于陈旧，建议各位驴友切勿上当。
1,生鲜很好，快递很快，快递员速度很快。必须给个好评了。
1,价格实惠 家用实惠装啊 活动购买的 很满意的一次网购 家里人很喜欢用这个 好评 有机会再来了
0,酒店周围倒是很安静，偶尔还有出租车停近院子。酒店比较旧。早餐很早就结束了，好像9点吧，感觉每天都要赶时间去吃早餐。
0,差评，要不是我催单了还不发货呢。第一次京东买东西能24小时后发货。厉害了
1,宝贝收到了，质量不清楚，用过一段时间再来评价，但是就凭这音效就不亏。
1,一直用这个，感觉还行吧，可以用很久，有点香，物流很快很给力！
0,相比超市卖的，味道非常寡淡，而且烂了一个
0,写着有赠品的，发来说没有，差评
0,服务很差，没有餐厅，早饭要走几十米去外面咖啡店。护照还不能入住，国际航班十几小时飞过来前台居然让去派出所再跑一趟开证明才能入住！广州哪个酒店这么蠢？前台一男的10.12日中午当班的连全世界酒店最基本给客人叫个车都不肯，说本店没礼宾部 前台没叫车的责任！叫客人再走几十米到大马路上去扬招！可笑至极。房间无窗无浴缸，最后一次入住
0,酒店在装修，整体感觉特别不好，正门都走不了，车也不让停，服务人员也不协助找停车的地方，哪里像是五星的服务水准？房间卫生状况也不是很理想，备品也不像是五星级的，比如牙刷根本就是劣质产品。酒店整体的软性服务也需要提升，看得出是个管理很一般的饭店，服务有员整体素质一般。
1,用气泡垫，怕挤到，服务很到位，期待用过追加好评。
0,我买的是M码 我这么大个人175CM/62Kg，穿起来竟然还长 本了想买来打底的 看到这买大件就呵呵了
0,书里多是名词，没有想象的那么好，有点不实用，没有继续读下去
1,衣服面料挺不错的。没有色差，很满意。
1,国产品牌做到这样很不容易了。国人值得购买好用！
0,内存16g的为什么只有10g多？用起来不好用，存储卡读不出来，差评，懒得换货退货了！扬声器的音质真的不敢恭维
1,环境和地理位置很好	房间有点旧	浴室也比较简单	出门TAXI不方便.这次公务	要是去旅游还是住那里.
1,618买的，加上代金券，比超市便宜太多了。就是不小心买了油性头皮适用，希望不会太干燥吧。
0,刚买就掉价。。实在不想多说什么了。东西其实挺好的。就是价格经不起跳水。
1,快递速度快，手机也不错，哈哈，老公很喜欢！下次还要来购买！
1,刚到手，商家很用心用了一个大箱子，只为装这幺小的一个板。
0,果然跟评价的一样！洗完后头发跟油了好几天似的！真真是愁死了！没用吹风机吹的话头发都胡住了！介绍上面明明说适用于油性发质！难道这是传说中的以毒攻毒？*买了一个教训！
1,看卡通世界纪录了啦是卡奴记录了卡路空间距离
0,刚买一个月多几天就故障了，送售后说是检测机器解锁不在保修范围，机器的问题说是人为的，从口袋拿出发现全机身高温无法运行，p9华为，
1,挺好的，看着新鲜，就是个头不平均，有的好小，吃了一个尝了下，带少许酸不够甜，买了五箱，一个撞了的还一个坏了的，其它都好，！不管怎么说还是很信赖京东的！
1,第一次用…感觉不错诶…等明天看看效果…可能以后都用它了，自营上午下单，下午就到了，当天就用得到真爽
1,大小合适，无色差，朋友都说好看，摸着面料也舒服，好。
1,非常棒，解码能力很强，什么都能播放，很适合我，观影效果极佳，电量也大
1,服务热情，交通便利，早餐品种少点，但是比较干净，下次去重庆还会去住~~~
0,穿了两次，洗了两次，第一次洗后，裤子就变得皱巴巴的，非常难看，完全看不下去，而且洗一次后就褪色了，变白了，洗两次后裤子就完全没用了，以后不能在京东里买衣服，太差了。
1,还不错还不错还不错还不错还不错还不错还不错还不错还不错还不错还不错还不错还不错还不错还不错还不错还不错
1,这个价位算可以的了，挺好的，质量不算次物流也快。好评
1,不能说没有一点点问题，但酒店所有员工都在用一种非常的热情给每一个客人以尽可能的服务，所以，我愿意把最高的评价给这个酒店。
1,刚收到这裤子，给我的第一眼就是这款式很不错，面料摸起来感觉很好，穿起来也很帅，快递也是不错的。
1,用了一天才来评价，京东的送货速度一直很快，包装完整，送了膜和套，还有乐视会员卡，都挺好的。平板外观好看，运行还可以，看电影不卡，游戏有些慢，电池充好只能一天，充电3小时左右充满。home键是触碰不能按，有些不习惯。总体还算满意。
0,一般，款式老，面料比较粗糙，
0,人家的烟台苹果从烟台发货是不打蜡的，你们广州发货号称正宗烟台苹果好好反省一下那层滑滑的东西是什么！还京东自营！
0,第一天穿就坏了，什么质量啊，果断差评，又亏了。
0,一根胶带完成包装，大写的服，搬到半路散一地
0,洗发水不是正品的，老公和他们朋友都用了，说用了头发干，跟之前买的不一样，
1,不错，房间够大，无论是硬件还是软件都足够过关。值得推荐！
1,王府是值得推荐的酒店，因为：1、保安及饭店的其他员工服务态度很好，对宾客非常有礼貌，还有免费送机等项目。2、自助早餐是开到下午一点半，而且还很丰富。3、每天有免费的水果和热牛奶送上。4、最主要的是房间超大，卫生间超大，床超大，干净。补充点评 2008年6月16日 ： 我是2008年6月7日开始在王府住了3个晚上
1,这确实是一本有趣的书，大人读了也会欣然一笑。不过个人觉得，淘气、破坏、犯“错误”本来就是孩子的天性，这是他们学习成长的独特方式，在一定的范围内，家长们尽可以由着他们自由发挥，不必严加干涉，尤其对于3岁以前的孩子，其实你和他讲一大堆道理，也不如一次亲身体验来的奏效，相反，道理讲得太多，有害无益。宝宝的快乐是家长的快乐，以上观点，欢迎指正。
0,太失望了，东西感觉不是正品，头发越洗越油。
1,这次是618买的，这次快递慢了很多，好在不急用，赠品满多的，挺划算的。
1,裤子质量超级棒，穿起来也蛮有型的，颜色也很正，喜欢的朋友可以入手！哈哈！
0,只要读一读南怀瑾老先生的《论语别裁》，就发现于丹的心得是多么的肤浅，感觉南怀瑾与于丹在一起，就象大学教授与小学生在一起一样。
0,都不是新鲜的苹果，也不甜。第一次对京东在购买的东西这么不满意的，一直以来对京东的品质挺有信心的，这次受打击了。
1,裤子穿着非常舒服，面料也很好，穿得很得体。很赞的裤子，以后也会再来买，多多光顾～～
1,裤子太好了 穿着特别修身 质量不错 穿着很舒服 客服态度好 物流也快 很棒的一次购物 还会再来
0,不知道怎么回事，验货和体验的时候没什么问题，但是装完XP后光驱吱吱的响，正在查找原因，但愿这个毛病是暂时的，要不那可真是郁闷了
0,我去你mlgb.百分百是贴牌货.包装盒是打开的.一直用沙宣.这次味道完全不一样.此单后不再信京东.
1,宝贝一收到就迫不及待的打开了，包装很严实，一点也没有磕磕碰碰，白色很大方，如果有赠品就好了?，性能方面还没用，等用过后在追评，目前很满意。
0,太小了，根本不值这个价钱，还没我手大。坑
0,明明订了双早，还一定要我们缴费！失望透顶！
1,常用沙宣，洗发护理效果不错。搞活动就买点备着。京东送货很快。
1,去头屑效果显著 只买对的不买贵的
0,面料比较硬，也不薄，不满意
0,差评	昨天刚拍的今天就降价了！
1,秒杀买的，有秒杀限制！！！价格是真便宜啊
1,裤子收到了，还可以物流送货也还到位。
1,一直吃这个牌子的苹果虽然个头不大 但味道还不错
0,味道不错，好闻比超市便宜，买越多越便宜
1,没错就是你，我最爱的蒙牛
0,手机有一点弯，能塞进两张纸，包装太差，物流太慢，几天都不送，还是我自己去拿的，差评
1,物流非常给力，包装严实，完好无损。热水器还没安装，看着很不错，质量也很好，这就是品牌的力量！
1,感觉还行，快递也挺负责的，除了个头小点，其他还好
1,目前3k以下的笔记本很少有货的，这个相对来说还算可以。配置比较全，带摄像头，整体做工尚可，装ghost版的系统很容易搞定。
0,吃第一个苹果就这样，赶紧吐出来，恶心
0,房间的条件实在是很一般，很陈旧的感觉。我们的房间也是正好对这个停车场。早餐也不怎么样，种类很少。也就是3星级的标准，房价却很贵。去圣亚海洋世界的时候无意中看到了星海假日酒店，外面看上去感觉就特别好，蛮好多花点钱订这个的呢
0,东西收到第一天就闪屏，忽明忽暗，注：亮度调节已关。找客服也是敷衍了事，不负责任的说词，大家以后千万不要被骗了。
0,房间及服务很一般，餐饮颇贵。下次不选择入住。
0,酒店价格偏贵，不过卫生还算可以，最容忍不了的是，入住后发现是无窗，早餐基本没啥可吃的，非常简陋。
1,性价比比较高，唯一的遗憾是严重的黑边
0,这是我住过香港最烂的酒店.房间小得超出我的想象	电视机是14寸的	床与电视机的距离只有60厘米.整个客房包括卫生间不超过8平方.晕死!
1,第一次在网上买洗发水，怕买到不是正品。用过才来评价的    还行，送了赠品，用用看长期的效果，再来评价吧
1,总体来说，还不错。房间比较干净，服务也不错
1,为了白彦的死，伤心了好久。很久没有为了一本书。为了一本书里那些如此贴近生活的文字而感动伤心了。喜欢宁默的潇洒，刚开始的时候还在为他们两个在面对爱情时的清醒而不解。最后直到白彦意外死后出现的地图，宁默的反应。才知道原来他们都爱彼此爱的那么深。。。。想起了宁默那句话，她跟梁葳葳说她宁愿输给她，输给任何人也不想输给生离死别。。。。
0,不值这个价钱，是别人退货的产品，很明显是拆封过的，很不爽的一次购物
0,码数严重不对 买的L码 严重大很多 无语
0,这个火龙果不如另外一个牌子好，建议别买。    太坑人了，把很小果子包装了几层装大盒子。    不如去外面店里买的好。
1,房间有点小，398元的高级间，挺干净的，在北京，算是性价比高的了，就是没有早餐。周围吃饭地方少。单人间很小，单人床靠 墙放，另外一般450mm宽。毛巾，浴巾看上去很干净。
1,房间很干净。餐厅饭菜一般般。可惜没有独立的沙滩，需要步行一段路才能到海边。补充点评 2007年12月13日 ： 价格比较实惠。
0,房间卫生太差 床上有长发丝 浴缸也有 地皮上都没干净 后来换了房间 早点不怎好
0,太老旧了 这个酒店 潮湿味重 设施旧 仿佛九十年代的产物
1,用了有一个多月了， 感觉还行，经常用微信和，目前为止还顺畅
0,Mini	 不够新鲜，昨天收到，今天就一个外皮已经腐烂变黑了
0,说好送的吹分机没有差评
0,竟然收下了烂的火龙果！售后说天气热 主要是是运输中的原因。一天就运到了，你相信运出前一点没坏！太恶心了。售后还善意提醒不要食用要扔掉！你妹的，你来吃，我给你留着怎么会有这样的情况，刘**你知道吗？你敢吃吗？
1,去年底给老爸买了一台，相当满意。现在又买一台给女儿学英语。家里人的手机也都陆续换成了荣耀，国产越来越好了
1,又降价了，省了300，刚好赶上时间 非常沉稳，拿在手上很有成就感
0,太差了	千万不要订这家酒店!!!!表面看着很气派	其实房间在后院	而且一边在锅炉旁边	一边在路边	房间还不隔音	所谓的大床房其实是最小的房间	就一张床的大小	关键是吵的睡不着	厕所有味道.早餐就更普通了	总之	千万不要订这家酒店!!!!
1,房间宽敞，装修比较舒适，但是冲淋房设计不合理，须将浴缸和冲淋房隔开。
0,2分 服务和房价成反比。门口的服务人员不帮客人拿行李，一进饭店大厅就有一股霉味，进入房间后霉味更大。以后肯定不会再入住这家饭店了！这2分是给地理位置的分，这家饭店地理位置不错，距地铁站很近，离静安寺也很近，逛周边的商圈也很方便。原本是想给零分的！
0,不满意，实际的背心小太多
1,已经用完一个小瓶了，洗完后头发确实很柔顺，就是超过两天不洗感觉就会有头屑了，不知道是不是个人问题还是也有和我一样的
1,东西收到！和想像一样。没失望！还在体验中！后期再评！物流点个赞！
1,是正品，京东商城放心购买，包装好送货快，
0,收到是白屏，太郁闷啦。不知道是质量问题，还是大偶尔。但愿是个案。
0,苹果很多都坏掉了，丢掉30%，应该是物流运输碰的，很不满意
1,还不错，挺好的，而且服务挺周到的，物流非常快所以给五颗星
1,买给妈妈用，装了个微信，可以视频聊天了，感觉非常好！
0,不建议大家住该酒店，我就是没有看网上点评，入住后很窝火。
0,蒙牛负面消息不断，让人瞠目结舌，牛总还是先务实吧!
1,该酒店比较干净，环境也不错，就是房间比较少，当我第二次再预定的时候，就已经没房间了。
0,真他妈缺德，老子以后再也不喝蒙牛了！
1,不错，之前买的那两桶快用完了，囤货中
1,价格相对其它品牌有点贵，但冲着华硕这金漆招牌，还是挺值得。赞一个，总体质量过关。
0,假的，京东超市能开下去么？早上洗晚上就痒？
1,性价比很高，同事买了，然后我觉得相当不错，就给我老婆买了一个，我老婆相当的喜欢这款机子。
1,宝贝收到了，质量很好，穿着挺好看的，不掉色，喜欢呀
0,差评给派送员的，电话都不打一个直接发信息说在大厅
0,内存太小了点，vista肯定跑不动 需要加内存。改成XP后内存基本够用，可等内存价格回落后再购买。 外壳是镜面的，但是好看不好用，容易变成指纹收集器 显示屏也是镜面的，觉得对眼睛不好
1,外观看来不错，不过能不能用，等我试试吧?
0,商家描述是纯棉的实际商品与商家描述不一
0,酒店早餐真的特别不好，品种不多不说，而且还不热乎。酒店环境无功无过。
0,大堂是喧闹的，房间地毯是脏的，浴室淋浴龙头是坏的，毛巾是黄颜色的。补充点评 2007年9月11日 ： 虽然号称是5星级酒店，但是感觉其档次很低。很多欢场女子出入其中，让人又不安的感觉。
0,买回来手机7天，音响就破音了，让人很无语。京东自营的质量也没有保证了。建议不要买。
0,看了几分钟就再没动过，可能是实在没有学习的动力了
1,赞赞赞，赶着活动买的超赞。洗发水一直用清扬的，很好用。京东物流时效非常有保障。买的套装，买两大瓶，还送了三小瓶，超值
1,挺高端的感觉，在等壳子和膜，送的膜不想用。。
1,3999自提的，超高性价比，用着相当不错。还有点当年IBM的感觉。运行稳定 质量有保证 散热也很到位
1,外形还OK	用了2天了在VISTA下玩游戏还行的.发热量有时大有时小不知道为什么	不过总体上来说还不是很大	4600买的还送个大礼包.
0,随机拿了两个吃，一个黑心且不熟，另一个勉强，其他不一定咋样呢！。以后水果还是不要网购了，
0,你敢相信没sim卡槽 这是为什么敢告诉我不 用了这么长时间刚想安卡 结果居然这样低级错误都有
0,为神马蓝色的背心和网上图片差距真么大，还掉色
1,主要用来给小孩看电视，没怎么用其它的功能，具体好不好还不清楚，能打电话还是不错的，关键时可以当手机用
0,物流也太慢了吧，太不值当了
0,差评，在京东卖东西第一次手机差评的，*钱买了开了的？就这样包装过来？真怀疑不是正品，在外面的假货！
0,质次价高的3星酒店。无烟房里烟味大，用品低劣，地毩脏，以后不会入住。
0,这件夹克质量太烂了，面料又重又硬感觉十几斤重压在身上，很不舒服！下回绝对不这牌。
0,歪瓜裂枣形容，很不爽，个头小，还没个正形的
1,外观非常漂亮，虽然是T的，没觉得比P的CPU慢。散热觉得还是不错的。 配的遥控器很好玩，薄薄的，看电影时很方便操控。
1,键盘好炫啊，我真是超喜欢超喜欢。还有他的外形我也好喜欢，一个字，薄！我可不喜欢TCL那种厚厚小小的。还有手机容量很大，手机机身就能存100条短消息。
1,裤子质量也不错，穿上很是合身是正码
0,钢琴烤漆的面盖很容易印上指纹	显示屏与下面的连接时塑料的	据说用久了容易松动.
1,收到货了，裤子质量很好，快递很给力，第二天就收到货了，客服服务很好，下次继续购买花花公子的衣服和裤子
0,不咋太好洗了第二天头上还是油很多
0,老婆说洗了头很痒，不知道怎么回事，按道理说京东自销的不应该有假的啊，一直在京东买东西，这次是最差的一次，
1,之前没看过实物，跟想象之中没分别；美观、键盘好用、功能齐全，一般日常上网用足够料。
0,小屏本的通病，键盘有些局促，不适合爷们使用，内胆包稍大了些，续航时间貌似只有6个小时左右，未预装OFFICE，我自己下载安装的2007，系统分区太大，本人用分区魔术师将D盘调整到130G，其余的归C盘
1,对宁夏大厦的的服务环境和设施都非常满意，有机会还会再入住的。也会推荐给朋友们！感觉很好！
1,京东年中大促活动实在太给力了，已经养成习惯每年这时候买完一年的日用品囤着！
0,和假的一样 ，洗的头皮痒 还有头皮削
1,宝贝质量不错是正品，款式新颖美观大方，性价比很高物美价廉。
1,性价比还是蛮高的，此本本在本地卖6999，前台优惠99元，估计找老板便宜个300~500就差不多了，京东的东东还真的便宜。
1,第二次买了，值得推荐，又脆又甜，过个头大！
1,99买的还可以吧！还没用希望是正品。
0,要给差评了，苹果表面看起来是好的，一削皮，几乎三分二都有因为碰伤而烂掉的。
0,物流很快，第二天就到货，但一开箱就一股异味，苹果皮色一看就不新鲜了，然后试吃一个，非常强烈的发酵味道，实在无法下咽。感觉苹果是过期很久，可能在仓库压了一周以上。联系了售后，申请退货，同意退回商品价，但不退邮费。现在一星期了，连商品价都未见退款。总而言之，非常失望的一次采购，打击了在网上购买水果的热情
0,还好很美观，安装费太贵花了190元。
1,第二天就到了，炒鸡快！用了一阵子，木有问题，价格便宜，大小合适，妈妈用来看电视剧，很合适！
0,东西还可以，不过配货及物流体验不好。下单时的预计到货时间是当天，拍下后延迟一天，到送货时再推迟一天
0,差评！！！屏幕不清晰，看小说都有点模糊，伤眼镜
1,速度还是很快的，很郁闷的是苹果的一些游戏华为是不能下载的
0,京东相关回答错误，不是LED背光屏，键盘不是钢琴烤漆，无线网卡是英特尔5100的！请京东改正。 其他的不足嘛，就是硬盘小了点，不过够用了！
1,今天洗头发用了，效果挺好的，无硅油洗发水用着健康。日期见图片。
1,买了送人的，没有拆开，包装高大上，以前自用买了一个，这次活动便宜好几百，价格好划算啊，以后还会降价吗？？？
1,行政房间太小。不过还算可以。所谓湖景房，实际上看不见湖的。离西湖起步价。也不算近。其余的还可以吧。
0,太差了，个儿又小而且不新鲜，打开包装我都惊呆了，大家看图吧
0,1、速度太慢了些，一般要过一会有机子才会对刚刚的操作有反映。2、屏幕经常黑屏，用着好好的，自己就黑了3、返修好慢哦，我机子送去一个月了，电话过去，KF说还要再等等
0,很不爽……我昨天买*，今天就卖*！价钱这样变。怎么让消费者满意，又不能补差价，还是*，价格如果有差，还会补回给消费者！第一次在京东买，也是最后一次。
0,手机反映慢，听筒声音特小，买了就凑合着用吧，没多久竟降价四百，感觉上当了，差评，第一次在京东上买东西就这样，真差劲！
1,相信京东，快捷方便，生活好帮手，离不开的生活助手，正品有保障，优惠多多，每天都能发现新乐趣，选品牌选京东！
1,哟哟哟，好评，早上下的订单下午就到了。包装精美，还自带发票。主要就是超值。六件才不到一百。我是看了广告才来买的。我发质本来就不好，后期再追评?
0,快递真心慢 等了三天快四天了 而且码子不对
1,宾馆的服务是可以的	房间的硬减设施也可以	就是电视好象应该换了!酒点的地理位置在市中心	出行非常方便!
0,东西太差劲了 我买回来几天也没咋用 等我用的时候才发现老是跳屏 卡一下
0,垃圾玩意，跟地摊货一样，
0,果子小不说，还是烂的，味道也不行
1,设施虽稍陈旧一些	但良好的服务给人温暖.酒店所处地理位置和环境极好.对年龄较大的个人旅游者而言	入住该酒店不失为较佳选择.
0,缺德的手机，经常卡！以后再不买华为，华而不实！p10就能看出他们的狗眼！
1,物流超快，包装也不错，产品挺好，挺香的，没有打蜡。
0,仅仅双十一这一段时间，受到的打击很大啊，商品送到时外包装纸盒已经挤变形了，内部的洗发水已经开了，并且漏在了纸盒和本身的瓶子上，标签里面还有标签？什么情况？整体感觉有点脏。我想知道这就是京东自营么？？？是不是伤老用户的心！
1,我是第一次用本本就买这么贵的，我开始的时候都用点担心，因为不知道京东的东东好不好，现在我觉得，在京东买东西真的很便宜，很好，而且发货超快，昨天定的货，今天就收到了。下次我一定会再在京东买东西的。
0,不甜带点酸味，还有磕碰伤的，之前买过甜脆的，所以再来，结果不满意。
0,颜色相差甚远，物流比较慢
1,这个苹果很脆很多水……又买了几箱送人
1,非常不错的一家酒店，硬件软件都是一流的。三个餐厅也都非常不错。咖啡厅的蛋糕到了晚上半价。行李生非常热情。并帮助捆绑临时增加的行李（工作用纸箱）并免费提供胶带等。非常感谢。
1,哈哈哈哈哈哈哈哈哈哈哈哈哈哈哈哈哈哈
0,假货，洗了头很痒，头发很干燥！从来没有过这种情况
1,一直用的清扬，很好用，京东比超市便宜，送货又快，一直京东?
1,价格便宜，功能强大。去中关村拿还要3600带票呢，这次才3299带票。够便宜
1,喝了4年多的蒙牛奶，这次心血来潮换了伊利的，结果频频闹肚子。到底是蒙牛害了我的胃，还是伊利毁了我的早餐！？
0,说好的送梳子，却在骗人，没有送
0,1）商品还没收到，价格就已经降了70元。2）似乎打开windows媒体播放器的时间有点长
0,2天就没电了，去柜台换了电池，还是这样，做了检测，说是没问题。看来电池是太差了。
1,不错，还会购买。品质好服务好。快递小哥服务更好。
0,太差 服务很差 床太小咨询跟住完全不一样
1,客服态度好，发货速度，派送速度，平板收到打开的一瞬间非常满意，这平板运行好，机身薄，拍照清晰，我非常满意
0,昨天才到我手里，今天上网就发现降价了100，这样心理真不平衡阿。。包装里只有很简单的关于保修之类的说明，其他的使用说明没有，有待自己慢慢摸索关于FN键了。
0,谬论？内蒙基层官员：蒙牛伊利没任何毛病 源头不安全 http:t.cn/zjzVHW4 （分享自 @新浪财经）
0,不是不喜欢，而是故事内容的展开太乱，给人一种纷杂的感觉。由于我的个人文学修养还没达到一定程度，所以我的个人评价是：一般！
1,我觉得GD88这个机子还是不错的！！
1,还没用，闻了味，感觉还行 待后期使用效果
0,这也太小了，好多白的，不够红，差评。
0,商品不行，什么都没送。 连个套子都没送
0,早餐很差，check-in服务也差，我预定的无烟大床，结果进房间发现是2张床的房间，要他们换，发现是大床没错，但是是吸烟房间，唉，将就了。后来发现床垫上放屁股处有一个大大的凹陷，绝对是劣质货。
1,衣服穿了几次，样式还可以，就是袖子有点不透气！
0,根本不是冷藏车送的，囊个不坏嘛，嗮太烫了，全部丢了
0,一分都不想给，太差了，打开全都倒出来了，收拾了一天，最差的一次购物
0,插上电源开机。发现电源按钮旁边有划痕，联系京东，被告知外观缺陷不能更换，客服甚至说可能人家就是那样设计的磨具。太明显的规则划痕，大概0.6cm左右长。 其他购买的记得在送货的见证下开箱检查外观。
0,没收到平板，收到了杯子，京东现在是这样的吗？还特别选的京东自营？请问我的电脑去哪里了！
1,这里男女分明，这个还是男的用比较好，很清凉
1,发货超级速度，第二天就收到了，试了几天，上网很快，质量绝对赞.买了个wifi版的，好看的外观，屏很大，音效好，不错?。
1,大小合适 面料不错 颜色不错
0,太难吃，都是生的白苹果，市场上*一斤的档次，买了几箱这箱仙美的最差
1,环境不错	但服务速度稍慢。希望服务人员脸上多带些笑容。
1,京东商城的水果太好了，直釆直供，品质保证，送货速度快，价格也有优势。买水果就上京东啦！
0,这质量，这个头，这卖像，简直不摆了，又小，又不新鲜！八辈子不买了！
0,房间蛮大很干净，除了前台左登记右登记，上来敲门再登记，然后还打电话来登记，其他可以满分。
1,还不错，质量也好，穿着很舒服，也挺好看
1,还不错，海景房间有些小，其实如果对大海审美疲劳的可以住山景，便宜还宽敞
0,一定要住主楼 副楼别提了 后悔死了
1,第一次在京东网购花花公子服装，在电脑上联网按照吊牌说明输入防伪码，查明是正品。所购裤子，做工精细，试穿合身。物流包装规整，发货快，快递员送达及时。是一次很满意的购物。良好的开端，必有热衷的后续。祝商家生意兴隆。
1,裤子很不错 穿着很舒服 质量也好
0,给老人家买的，收到后反应三个问题：1、首次充电很快就没电，而且发烫，随机APP太多。2、自动关机。3、最后一次自动关机后WIFI无法连接。怀疑不是新机，非常失望，过了时限只能换货。换货确认当天取走货物，效率还可以，看看后续换货的情况，再做评论。
0,质量不咋的，地摊货挂南极人的牌子
0,图片与实物差别好大，颜色一点都不对，而且裤子穿起来有点刺刺的感觉，所以有点被坑的感觉
1,进入房间后，发现床什么都是理好的，牙刷什么也不缺，但是居然有用过的牙刷，而且还是浸在装满水的杯子里，还有双穿过的鞋子。晕，这算清理过房间还是没有。不过服务态度蛮好，我说要换间房，马上给我安排了。另外，我用工行卡，前台居然说工行卡授权取消什么很麻烦，最后我是用卡刷了房费再加上现金押金的，这个应该改进。不过总体上，还可以。
1,蒙牛的新衣，我個人挺喜歡的，支持。
0,看到网上对这本书的评价很高，才买的。可是看了几页以后就后悔买这本书。实在看不下去了。简直就是在浪费时间。看作者的简历好像是个挺牛的人，可是书中写的都是车轱辘话，同样的内容用不同的语言一遍又一遍的复述，好像是为了骗取稿费的感觉。垃圾。现在放在书架上，根本不想看。
1,很新鲜，每一个都检查过了，都是完好无损的，很甜很好吃，比我在菜市场买的便宜，包装的很好，京东值得信赖！
0,无力吐槽，买两条30码，就发来一条31码，大一码叫人怎么穿，还有再买一条30码和之前的30码大了点，同码的裤子，居然不一样大，我也是醉了，，
0,就是刚刚开始磁盘分区比较麻烦，有点热，USB接口太少 怎么自带的office用不了呢，还要买版权吗？
1,有一个坏了一点点 总重量2216克 看外观还行吧 摸着是脆的 150和160克各一个 其他大概都是170 180 190 200克以上 感觉和超市比要欠缺些
1,哎呀，第一次在中联榜获得冠军，心里那个美滋滋、乐呵呵，甜甜的掺杂一些酸酸的，这就是蒙牛酸酸乳的味道，是他，就是这个味！！！
1,购实惠熟悉的味道，效果还要等用一段时间吧
1,挺好的，长期在京东买水果，物流快品质有保障！！
0,1G内存稍微小点，计划增加1G改成xp后，有两个硬件无法识别，不知道什么东东
0,手机发烫电池不够用充满点用两小时自动关机，无语了
1,外观很漂亮，自代的VISTA也不错，这个机器评分能到3.8很好。平时办公足够用。
0,差评 拿以前的东西装新款
1,酒店的位置到是不错	就是早餐不太好.房间的服务也可以	就是晚上的骚扰电话太多.我入住的时间正好是糖酒会期间	所以价格偏高	价格要是在190含早的标价还是不错的.补充点评 2007年10月13日 ： 对了	看到有人反映前台的服务	差点忘记点评.前台的服务是不好	又慢又不热情.
0,这酒店垃圾到了极点 设施超级垃圾 而且服务态度极差 已投诉主管部门
1,还没有，用用看，希望是正品，物流挺快的
1,挺好的用习惯了估计还会买
0,10斤苹果只有不大的11个也太坑了吧
1,之前几次买的苹果还不错 这次的有点小！
1,牛仔裤确实不错，跟描述一样，面料也不错，大赞，值得购买
0,说好退钱过了一个月还没退
1,送货及时，包装很好。屏幕无亮点，散热做的不错（原本有些担心，有的评论说华硕本散热不好），噪声小。配置高，3Dmark2005得分8600，功能全，性价比高。总之不错，比惠普和联想性价比高。
1,这间酒店环境和服务态度亦算不错	但房间空间太小~~不宣容纳太大件行李~~且房间格调还可以~~中餐厅的广东点心不太好吃~~要改善之~~~~但算价钱平宜~~可接受~~西餐厅格调都很好~~但吃的味道一般且令人等得太耐了~~要改善之~~
1,铃声够大，下载方便，省钱，外表可以
0,音量太低，调到最高，对方还说听不清楚~~待机时间太短~~拍摄之后自动加色彩，很模糊~~
1,前几天刚买了陕西洛川苹果，前天又抢购山东烟台苹果，想对比一下，那个口味更好。节日期间，送货仍这么快，昨天清早就送来了，送货员小蔡真辛苦!??
0,质量太差了线头没扎好，裤脚侧面全划线了
0,1.指纹！！！搞不懂为什么那么多上网本都要设计成这种材质，不论是表面还是里面，每天都要擦无数次，否则真的很难看。2.增加内存不容易。
0,京东无故封号，还天天扯皮，拖拖拉拉不回应！大家顶我，让更多人看清楚京东的嘴脸！！！
0,机器还可以，但是下订单时是送原厂开窗保护套的，没有送，双十一这么忽悠消费者，鄙视京东，希望京东可以补发过来！！！
0,就是个坑啊，包装烂的不行，而且还开口了，洗发水都被挤出来了，我就想问一下，京东干嘛吃的，还有洗发水的包装都没有，让人怎么用，谁敢用
1,性能强劲，外观漂亮，NBA典藏版特别。其实散热还是可以的，比我以前用的IBM要好，完美屏LG的。
0,很失望，感觉兑水了，以前朋友在实店拿过一瓶来用明显不一样，第一次在京东买东西，以后不会再来
1,真的感觉很不错，版型穿起来很合身
0,下载了很多没用的软件，我怀疑是返修机，外表可以而已，没什么用
0,不可以开机，犹豫死了！我要申请售后！
0,这次购买感受很差，都是成色太差的果。很不满意。
0,不太好用用了之后头发好干也没有感觉头屑去了
0,酒店去机场极其方便。设施不错	房间很干净。服务也比较贴心。已经住过两次。向朋友推荐了，都说好。
0,脏了吧唧的，全是灰，磨损的印，上面的标签还被揭下来过，不知道是不是新的
0,哎，这苹果长的太奇葩了，还好吧
1,尽管是匆匆地看过，还是颇有印象，朋友看过也说有价值，特地也买到手连，对付散慢成性的小孩子。买一个厨房计时器，真是管用，孩子至少能意识到，做事有个被动的时间观念，如果有朝一日有了主动的时间观念并有了选择时间的智慧（难呐，许多大人们也做不好！），那就彻底摆脱拖沓了。有类似困惑的家长们，可以接受一下启发。
0,垃圾的不得了，送的东西没把我吓死，血亏
0,现在买牛奶已经不选择蒙牛。 《蒙牛回应过期奶不道歉遭质疑》 (来自 http:t.cn/zWnxfcG
1,还可以，用起流畅。不过系统是手机无线版的，平板是wifi版。不是专门的系统。
0,1.操作反映速度慢； 2.屏幕色彩不够清晰； 3.电池待机时间短。
0,这是第二次购买了，没有第一次好，没兴趣买了
0,dcl d308不仅分组铃声不好做，而且不像厂家宣传的支持内存扩展，它自带有一个32M的内存，就支持那个，其它的不支持，还很容易死机，我上个月买时顺便买了个128M的扩展内存，结果第二天就出问题，拿去检查，不管换同型号手机还是换内存，都无法使用，没有办法，只好送厂家维修，一个多月了，手机还没有修好，建议各位别买DCL手机。
1,收到宝贝真的很激动，裤子面料超好，摸起来很舒服，穿起来超有型，搭什么鞋子都好看。。价格又良心，喜欢的朋友们快下手吧。。
0,是真慢啊！买了几天了，现在才到，还能送错地方，服了
1,酒店设施很新，细节问题处理非常好！服务人员的态度非常好，很喜欢，已经多次入住，以后还会作为杭州出差的首选酒店！宾馆反馈 2008年8月11日 ： 非常感谢您对酒店的肯定和支持，您对我们的肯定是我们前进的最大动力，我们一定会再接再励努力为客人提供高品质的服务。忠心期盼您的再次光临。
0,千万别买，穿到身上只要出点汗，就掉毛毛，我就穿一次就扔了，
0,你小心了，蒙牛惹不起啊 http:t.cn/zjzDiup
1,东西不错，活动价格也行，京东不错，就是活动时这券那券太累。
1,特价的时候买的，很喜欢，支持华为，平板真心不错，比我用了3年的p7不知道强多少?
1,快递速度很快，平板用了还不错。
0,买这家苹果已经无数次了，这是最差的一次，包装是坏的，熟悉的快递员，熟悉的商家，看都没看就收了。没想到不仅包装坏，苹果也烂了，四个！！！水分也不多，口感差很多。我是买了假的苹果不成！
1,我一直喜欢的品牌，口感和香味很适合我，推荐一下
0,衣服尺码合适，。穿上很舒服，很满意，质量不错。
1,我入住的那天正好下雨，酒店迎宾主动打伞接送，服务很到位。房间很干净，卫生间与洗浴区之间过道有点狭窄，建议把玻璃浴墙改成可折叠或是拉帘式的。阳台漏雨，不方便观雨景。餐厅服务很好，只是菜品较少。无24小时送餐
0,今天喝了一包11月16号在中关村家乐福买的11月14号蒙牛生产的牛奶竟然一股脚臭味！CNM！你想恶心死老纸啊！以后能不买蒙牛就不买蒙牛！
0,有好几个这样的?了，这是不是打了什么药水的苹果呢
1,我们要了2个房间，一个有阳台一个没有，感觉明显有阳台的房间感觉比较舒服，没阳台的就很压抑。
0,不足： 散热时间长了不知道怎么样，还没有长时间用。附带光盘没有XP驱动，要自己下载比较麻烦
1,质量和做工还可以，就是颜色不是很满意。
1,快递快，质量还可以，总之还行。
1,看上去大小形状都很好，物流也快，还没吃，如果口感好，会再买！
1,快递神速，品种与描述一样，比上次买的好吃！
0,给一个星都多了，东西不行
1,真心划算，给爸妈买的，爸妈说估计一年不用再买洗发水了…
0,非常愤怒，才买几天就对半减满。
1,我北京朋友掉了一根照相机线，但是人已经到金华，打电话到宾馆，服务人员非常敬业和负责，找到后快递到北京，在这里说声谢谢！
0,这个火龙果还可以再小一点么，太失望。。。
0,多次购买，但这次却遇到这种情况，你说怎么办
0,讲的都是真理、道理，词藻华丽太做作。
1,位置挺好，标准间特宽敞，服务水平一般．若到星海广场玩一天并晚上观看剧场真人秀可选此店入住．
1,给女票买的，挺不错的，就是这次发货有点慢
1,果子特别棒没有伤比超市便宜又好吃?直的够买
1,房间的装修还可以	早餐一般.位置离火车站也就一个出租车起步价.大堂看着很气派.
1,非常不错啊，牌子就是牌子穿起来非常舒服质量也很好。双十一买三减一，挺值的
1,质量面料做工很不错，尺码合适，穿着很帅，满意
0,我让你寄的是申通快递你寄的是顺丰快递你说你会给我解释 可到现在都收货了 你的解释呢 真差劲
0,酒店装修气味很浓，房间感觉一般，与4星有不少差距。入住期间居然不开空调，热得要死，刚好房间又向阳，期间打了几次电话，最后同价升级成单人套房，郁闷的心情总算好点！卫浴品太旧给人感觉不爽，总之感觉不好，下次不会再住！！
1,开始通过携程预定的是普通标准大床房，地毯脏，床太小，较差！后来加１００元生到行政间，还可以！比较干净．酒店服务总体还可以．值得一住．
1,大小合适。质量和做工都很好！款式也很好看，穿着很休闲！不错。全五星好评！
0,太过分了，这边买好那边就降价了，生气?
1,衣服不错，穿着很舒服，是自己喜欢的类型！大小也比较合适
1,质量不错，很喜欢了。谢谢掌柜。
0,看起来不像是真货，因为瓶子的标签都是歪的。
0,买了不到24小时降价，客服晚上营业时间就没人了，不参加价宝，满了也没赠，发票还没看到！以后再也不会上京东买了！！！
1,苹果外表好看，但味道真的很一般，有点哏，还有点苦，我口味比较挑，反正不喜欢
1,整体还是比较满意 听音乐看电影玩游戏效果都不错
1,不过因为之前有买过联想笔记本，所以应该不会有什么问题，再加上又送那么多东西。
1,1、酒店环境不错，地理位置佳。到十全街、凤凰街挺方便的。属于闹中取静的那种。2、客房里设施齐全、干净，比较方便。卫浴设施也挺好的。插头挺多的，很好。房间很干净，也挺温馨的。3、自助餐还可以。美中不足之处：1、卫生纸的质量比较差。2、饭店里最好可以提供（自助）洗衣、干衣的服务。3、房间里的小冰箱效果不好，声音也比较响。反正不用，我就关掉了。总体感觉不错，性价比高，下次还来住。
1,用着还好，第一次屏幕内有细线，联系售后很快换货，售后响应速度快
0,还不错，看起来挺好的，应该不错吧
1,划算的不要不要的！比超市便宜太多了！还有赠品！?
0,不想多说	钱多的无所谓!
1,质量没得说， 送货服务态度也超级棒呢！每次都是在京东上面买，而且非常实惠，推荐购买
0,其它配置还算好，不过1G内存运行VISTA肯定不够。正版系统却不带VISTA的光盘，让人不能接受。
0,系统好装，驱动难找，性价比不错 谁找全驱动的共享下QQ6930454
1,包装很low 让我很怀疑产品质量 正品与否
1,最大优点就是便宜，这个配置4799真的很便宜。样子也不错，很漂亮，噪音和散热问题都一般吧，不好不坏的。
0,以前都是在超市买清扬，从来没有头屑。这次在京东买的套装为什么头屑越洗越多。
0,有色差，不是理想的，质量一般，快递也慢
1,房间相当大，干净整洁。周围有很多学校住宅小吃店，比较安静，小巴知道酒店门口，交通也相当方便，推荐这里~换汇的话后门出左手边往前走拐角处有一个报摊，摊主相当风趣，rmb:hk=1：1.2，酒店换是100：97晕~
1,一直用这牌子的洗发水，京东购买质量安全可靠
0,发票居然是假的，估计买的东西也是假的
0,酒店装修一般，照片与实际不符
1,非常甜而且品相不错个头不大吃着正好
0,差评	连个耳塞都没有，手机最基本的东西都没有
1,今天收到的，物美价廉，真的不错?
0,个头非常小！味道居然还是酸的！这是最难吃的火龙果，没有之一！！！
0,还没用，赠品送错，给个差评
0,看完不知道作者到底想说什么，想了解一下具体的方法结果一无所获，解决不了实际问题。
0,什么叫狗屎大家知道吗？他家的裤子就是。拉花，掉毛，掉色，起球，简直垃圾。
0,最后一次在京东买东西，快递刚到打开果子是裂开闻去明显有异味，和客服反映问题，客服说他家买东西是没办法退的，。我问怎么处理，他的意思是你活该，谁让你来我这买东西，问他能解决吗，他就不回话了。
0,稍有些厚重，随机驱动盘里缺少相应无线网卡驱动，要到网上下，驱动整体提供的很乱，装系统稍麻烦了些。
1,买了好几次这个牌子的了，不过这次怎么样用了才知道，之前买的和超市无两样，吹风机是赠品
1,对于二胡曲的精选，应该出版一个系列套装，可分别出售，单独购买。精品二胡曲是有年代和阶段性的，每一阶段都有代表性的精品，应按阶段编册。整个经典可总结性编册，这样对广大爱好者会颇有裨益，且可珍藏，一定深受喜爱。
0,日期都没看见，会不会是*的
0,第三天才午休时间收到快递，苹果很小很小一个，看起来营养不良，长的畸形怪状，非常不满意的一次购物。
1,买来给老人用的，是正品，非常喜欢，信赖华为，支持华为！
1,感谢快递小哥，昨天下单，今天就到了，产品就不说了，反正是正品。
1,面料不错呐，很柔软。做工上也很精致，很喜欢呐，果断留下来
1,昨晚拍的今天下午就到了，这速度好喜欢！东东跟图片一样，用后再追加吧！
0,京东就是骗子，说双十一大优惠，实际是提高价格一倍，等双十一活动结束后，与搞活动的价格还是一样的。
0,挺柔软的，掉色的太严重
1,嗯，搞活动买的。价格实惠，很满意。包装也非常完好。点个赞。
1,总体上感觉还可以，但也没有什么太突出的地方，因为才过一个月多点，实在也想不起来有什么让人印象深刻点的。
0,水果就是图个新鲜，可你这苹果都放一个多星期的了，里面都发霉了，这样的水果也能拿出来卖给消费者吗？下次谁还敢在你这平台买水果啊？
1,存储电话本1000组.方便比同类照相效果好.可靠性非常的高.
1,挺好的，我用这个牌子的洗发水，沙宣
1,感觉非常好，没有发现什么问题。运行流畅，只是系统有一些不够智能！如果能完善一下系统就好了。
0,不好吃，个头小，同等价钱不如超市的号
1,这个真的买得很值，毛巾的质量挺好的，用神券买不了吃亏买不了上当，哈哈哈哈哈哈哈哈哈哈哈哈，喜欢京东，信任京东！
1,房间很陈旧，周围环境比较乱，但地理位置还好，离机场大巴上清寺站较近．早餐的品种很少，没什么可吃的．交通较便利．
0,真心不怎么样，又贵，卫生间站在浴缸里洗澡，下水还不好，毛巾很脏，四星酒店?自己评的吧!
0,假货不是正品，和专卖店卖的用了效果完全不一样。只是没必要为这么点钱拿去鉴定了
1,性价比较好，自己已经升级到4G内存，加装讯盘，安装Ramdisk，很好很强大。键盘好手感很好。
1,比较薄.面料不错。穿上很舒服，颜色不错很暖和
1,虽说不太感兴趣这个，但看到如此干净、自动化的蒙牛车间，还是要感叹一下。民族乳制品产业需要你们的严格把关，创新强盛。
1,非常不错的酒店，环境很好，空气也很清新。我一起入住的同事还建议我们公司的年会就到这里来开，呵呵
0,很差的东西，外观给0分，运行速度给2分，整个给2分，玩王者荣耀有点卡机。服务给1分，后悔买华为平板。
0,之前买的都是当年苹果，这次是库存积压的，下次不买了。
0,质量一般，京东现在没有以前靠谱了。
0,没有想到我买了，然后才看到同样的衣服还有两个价格
0,预装了VISTA，帮朋友买的，朋友不喜欢，我只能用自己的联想OEM-XP盘给格了重装。这点联想不太厚道，大家都不太喜欢用vista的，为什么不实惠点送个XP又实用有便宜，速度还快。一键恢复不支持XP?
0,什么都不说 就为了快递必须给个差评 我还没给过差评那 第一次被快递气到了
1,不错的商品，还带有G D的头像。
0,中国的奶业有几家能信赖的？ 我已经接近一年没有购买蒙牛的任何产品，抵制蒙牛，从自己做起 今天你让蒙牛活下去，明天它毒死你孩子。拒绝蒙牛，比拒绝日货更重要
1,机子小，噪音很小，散热也不错，携带方便，cpu性能不错，内存还过的去
1,这苹果大小适中，甜脆爽口，已经是第二次在京东买了
1,反应很快。用了几天也没出现卡的情况。但是屏膜反光。储存卡无法用，。
0,买了就降价真郁闷！看电视还不清晰
0,无驱动盘~~!系统不能帮助买家重装~!无适合的套餐选择~!
1,京东自营商品送货速度就是快！服务态度也很好！商品质量不错！第二次购买了，自己用着还可以吧！
0,像素太低了，分辨率太低，哪里和高清沾边？不满意
0,房间小，进去还一股霉味，电视是老款，问题是还放不出来，这个房间真对不起这个价格。
0,居然有个超级无比熟的，熟过了头，看我图
0,平板电脑还可以，唯一不满意的就是什么都不送，连一个膜也不送
1,“先天下之忧而忧”----是这群有思想、有大局观的有识之士的共同特征、“以天下兴亡为己任”----是他们的高尚品德。这样的群体越壮大，我们的国家、我们的民族才越有希望。希望此书能唤醒一部分国人，不要再沉迷于“娱乐”、“网游”之中。国家兴亡，匹夫有责，国家的命运承载着我们共同的命运，可千万当“打酱油”的。此书章节划分凌乱，拼凑感强，喜欢华丽辞藻、讲究行文的朋友----闪。
1,东西不错。物流还可以，上午下单下午4点之送到。
1,听说你很爱喝蒙牛。所以转给你 这都被你发现了
1,口感还不错 不过他说无蜡貌似 上面有蜡
0,性价比太差了！严重不复合所谓的4星标准，周围环境空气较差，最麻烦空调系统的冷气夹杂浓重的烟味，不开窗简直没法生存。
1,非常宽大的房间，非常宽大的床，足有1.5米，非常宽大的卫生间，去云台山只有12公里，自驾车住中州宾馆是最好的了。
0,差评！穿一天就脱线，地摊货质量。坑，谨慎购买，不是自营的真的是坑。
0,价钱浮动太大，打着双十一旗号欺骗顾客，很不满意
1,两瓶洗发水，一瓶润发乳，五个小瓶的还没看，挺划算的，比超市便宜好多，但是不知道用着怎么样，是不是正品，是的话，那这个就相当划算了
1,这次购物不满意，有焉了的，感觉不怎么有水分，早知道不如直接去市场买，你们可以看看，物流给5星，商品给4星不能再多
1,华为(HUAWEI)M2 8.0英寸 平板电脑1920×1200 麒麟930 哈曼卡顿音效 3G/16G WiFi)月光银
1,三瓶大的，三瓶小的，可以用好久了，还送了一瓶护发素。
0,居然是蒙牛……我是不喝呢，还是不喝呢？
1,第一次在京东上购买水果，到货的时候水果已经很常温的状态……快递小哥很给力直接送货到楼上，水果大小直接看图说话吧……
0,和白色一起买的，没有白色的好，洗过两次就拉的很长，不满意！
0,刚买到手，就降价了，*块！你玩我呢啊？真滑稽！
0,买了m码比我想象的大了好多。最不满意的一次购物了。哎
1,很实惠，比超市卖的便宜多了！
1,我为什么喜欢在京东买东西，因为今天买明天就可以送到。我为什么每个商品的评价都一样，因为在京东买的东西太多太多了，导致积累了很多未评价的订单，所以我统一用段话作为评价内容。京东购物这么久，有买到很好的产品，也有买到比较坑的产品，如果我用这段话来评价，说明这款产品没问题，至少85分以上
1,挺好的，包装很好，京东快递也很快，洗发露也没漏，不错
1,东西不错，质感很好，色差不明显，
0,买家朋友在本店买要三思而后行哦太差太差
0,差评，买一送一，只收到一箱，话毕
0,刚买了，接着就降价了，申请价保还不通过，京东现在搞什么，三月中旬买了个苹果手机，时间不长都降一千多了，降价也就降价了，但是你得保证质量啊，买了不长时间，很多时候打电话对方说通话声音小，明明都调到最大音量了，是不是质量问题，这个平板还不知道质量怎么样呢，先用用再说，差评，郑重的给京东差评，气人
0,买了三个，全是烂的！！！一星都不想给，能给负的我觉得可以给负的。
0,书本是做为送给宝贝儿子的礼物的	但订了六天还看到	心情都变坏了	没看到就没法评论好坏啦
1,包装不是很好，里面太空了我不塞多点汽泡袋，其它的还可以
1,收到了，还没用，谢谢厂家，如果是正品就比外面超市优惠太多，还送吹风，还送了两瓶一百毫升的，真好，下次再光临
1,还行，正品，618怎么不搞活动呢？
1,不不错不错不错不错不错不不错不错不错不错不错
1,裤子不管是款式 质量方面都挺好的 物流也很快 最主要的是店家送的小礼物很实用 我很喜欢 一个小本子
1,裤子今天收到了，质量很好，物流很快，而且客服也非常给力，回复及时耐心的回答每一个问题，裤子穿上很帅，都快来买吧
0,我买了三本书是<求医不如求己>	<别笑我	我是英语单词书>	<沉思录>	当当只给了我两本	那一本怎么不给我了呢?当当网从现在开始我对你已经失望了!!!!我再不买了!!太伤心了!!!
0,差评！苹果口感十分差劲！从来没吃过这么难吃的苹果！根本不是华圣的。我之前吃过华圣的口感十分好，脆爽甘甜！这个苹果干涩水分很少！
0,不怎么样，一直在京东买苹果，以后要慎重考虑了
0,没有想象的那么好，产品布料质量不好
0,两个发霉的苹果，客服补偿了350京豆
0,做工粗，质量较差，右腿膝盖附近有划痕
1,不错，第二次买了，不过整没上次那大个了。另京东物流没毛病，大赞！
0,待机时间比较短！还有就是感觉功能简单，既无可以免费下载的JAVA功能，也不支持MP3播放；也没有拍照功能！
1,入住的是豪华单人房	需要说明的是这个房间真的很小，这个价格和房间的大小是在不和谐，酒店硬件尚可，虽然在路边，但是晚上休息并不觉得吵闹，房间的隔音基本满意，酒店内部的餐厅我的评价是很差，菜烧的非常难吃，价格还贵，除非大家图方便，否则不推荐在那里就餐。整体感觉中规中矩，离皇岗（福田）口岸还比较近，如果要从这个口岸出关应该还比较方便。
1,好吃真心的好吃赞了，快递特快，继续关注，会回购的
0,京东最不愉快的购物了，才买回来，就洗了，严重掉色，洗了好多次都还在掉，虽然便宜，倒不至于这样掉色吧，洗个裤子手都能染黑，没法，差评。
1,"包装的很精致，打开包装一点气味也没有，质量很好，款式好看，颜色和图片上一样，大小正合适，穿着很舒服，感谢店家服务也好，满意"""
0,质量不值那么多钱 穿了两个多月 夏天换洗 一天一换 洗的都快掉一层了
1,本书另外的闪光点是在每个知识点后面还有相应的习题解析，并且针对知识点的不同设置了习题解析、错误提示、要点剖析等细节，图文并茂，是目前市场上一本不可多得的好参考书。
1,还没有用，物流很快，一天就到了。
0,我只能说太坑了，我平常穿32的码数还挺宽松的，这32的裤子紧的跟紧身衣似的，这商家坑的不要不要的……
1,不焦虑就可能会尽可能
0,一直相信京东货品和服务，这次非常不满意，为了看好的赠品，凑单买的，收到货发现没送赠品，问客服，说解决，最终解决就是赠品没有了！没有可以，不要让消费者添加到购物车，再者也可以在发货前告知客户，赠品没有，客户可以选择买或不买，或者另先其它赠品，就这样客户收到货，问才告诉没有赠品了！京东这个服务不满意
1,苹果又脆又甜，不错的选择！而且京东的配送那叫一个快！
0,原谅我对电子产品不了解 原来说好的16个G的内存可以直接缩水成10个G的 真是6的不轻呀
1,好吃的东西大家分享！多次来购买了，非常好的品牌！也推荐给朋友们啦！
0,不新鲜，冻了！以后不会买了，失望！
1,这本书的远比我想象的好，书的排版很精致，有我喜欢的花边，特别是那淡蓝色的扉页，加上小天使的勾勒，很有那种欧洲以前的那种老书的韵味，印刷也很好，字体不算小，我买的原版书比这个小，书确实是厚了些，分两册出确实更好，总之很满意。
1,1.吸引我的最主要原因就是它的屏幕颜色。2.小巧：这应该算是所有小灵通的特点了，我觉得现在所出的所有型号的小灵通都是以小巧著称的。而且外型也以时尚，亮丽吸引广大消费者。3.IP功能：我想这个功能的出现在很大程度上都满足了消费者对打长途的要求，对于这样一种方便，快捷的使用功能，是那些需要经常打长途的朋友们的必须。
1,性价比高，值得伸手。手机很好用，相当的好
1,不错挺好的，京东就是快秒杀价实惠！如果无硅油就更好了！
1,房间很好，符合五星级的标准。酒店离沟口及边边街都比较近，是去九寨沟旅游的最佳选择。补充点评 2008年7月21日 ： 地震对该酒店没有任何影响。宾馆反馈 2008年7月24日 ： 谢谢您的点评	欢迎下次下榻我酒店!我们将为您提供更周到的服务及优质的产品.
0,不带数据线，同步不够方便。通话声音偏小。
1,大品牌值得信赖，京东购物方便快捷
1,潘苹果 甘肃天水红富士苹果 12粒装 约70mm 总重约4斤 自营水果，很好口感甜。
1,连酸奶也是天杀的蒙牛……霸气！
0,很时尚风趣的文风，有谈笑间樯橹灰飞烟灭的气势，虽然只看完了第一部，但爱不释手的感觉已经越来越强烈。
1,目前使用还不错，颜色大小正合适。
1,刚刚收到    礼盒太过了吧    瓶子的包装不怎么样    感觉质量有待改善    手感也不好    拿着瓶子就不舒服    用一百次最少要摸一百次吧    ——你们可是沙宣……
1,一直在京东自营买东西，好评！不错，便宜，质量好！
0,第一次在京东购物买到假货，洗发水的粘稠度和泡沫的丰富度差，几乎没有泡沫，差评，哪里可以投诉？客服告诉我！
1,货已收到，衣服还没来得及穿，看着样式还不错
0,和实体店买得不一样，下次不买了，网上买的和实体店的就是有区别
0,骗人，接着电影炒作，不如直接就叫张爱玲小说集
1,很酷的一件裤子，非常棒，尺码也很准，很愉快的一次购物，    质量很好！穿上也很舒服
1,支持国产，还没有用，先好评了再说，有问题后面在解决
0,我喜欢穿休闲西裤有弹性。 买回来这是什么？牛仔裤？一点弹性没有、找售后也不理我、本来想想算了、穿了一天 起毛了、好像*的地摊货 哈哈。果断剪掉了你垃圾品牌 垃圾东西。垃圾商家。
0,这瓶包装也没有，背面还有刚撕掉粘胶的东西，我怀疑这个是非卖品，刚好条形码那里粘了东西的。很不满意！另外一瓶包装的好好的。
1,很好的酒店，就是不知道为什么一直在涨价，价格越来越离谱，在常州属于极贵的酒店了。是不是携程和香格里拉的关系不够铁呢？希望价格能更合情理一些。
0,誓死不买蒙牛和伊利的任何产品，搞垮他们！
0,不知道怎么说，，就是东西不行，，打开设置，都是黑屏，卡死，不能用，无语了，，很失望
1,发货速度快，体验还不错
0,贵，小，还是烂的！	不值，以后不会买了！
0,早上退房着急，我先去前台说退房，但是卡在别人身上，稍候就来，那管退房的服务员就连头也没抬，和隔壁男服务员说，退房，连卡都没有拿出来。 这种态度真让人恼火，我着急赶飞机没空和她纠缠。 房间总体还算可以，但是显然床铺有点阴湿，电视看不成，洗澡水特别小。。。 唯一可取就是有班车，价钱不那么贵。
0,怎么做的？腰都行，怎么裤腿紧的一塌糊涂？
0,很小的个头。一个也就450g。根本没有3个1公斤的。加上包装估计就差不多。
0,酒店比较陈旧	房间也不大	有股味道.早餐一般.房价也不便宜!总之很一般.
0,熟悉的酒店都住满了，迫不得已又住了一次。发现更垃圾了。总之，如果不是迫不得已，千万不要住次酒店。枕头发黑，床单发黄，房间超级小，卫生间异味和公共厕所差不多，房间异味更不用说了。
0,一般，下次不会购买，不能穿
1,买过一次，东西很好，关键是送货速度太快了，昨天买今天到，想吃苹果就和点外卖似的，不错不错。
0,差贼差什么售后一样不要在这家店买东西**钱就给你买棺材了，快递发过去都签收了还说没收到地址也是你们发的难不成是我发错了
0,有时候爱死机，外屏有问题，很烦
1,发货及时，物流很快，京东最喜欢的就是速度，虽然包邮的门槛越来越高，买点便宜的还不够邮费，因为代买不知道质量怎么样，不好的话再追偿。
0,吊牌没有厂家，公司。下次不敢购买
1,平板很不错，屏幕清晰，就是32g内存不够，自带东西有点多。感觉这是华为的通病，我的mate9也是这样。希望华为再改善改善。
0,"1/ 我的订单号是:129175725，入住时大堂计算机上输入我的名字后找不到订单。我出示了手机上艺龙短信才入住。 2/ 按规定用房间电话打400......电话，通报入住信息，总机说不能打。用自己手机打上面电话，400.....话务员说""抱歉手机不接，必须用 房间电话打""。我真的认为这是一个骗局。"
1,简洁，适用。需要的配置都有了。当时担心有坏点。收到后品质令人放心。
1,衣服试了一哈有一点点偏小，其他都还不错
0,三个坏了两个，还有一个焉了，失望失望失望
1,正在使用，实物比图上漂亮。视频速度超过手机，正宗华为平板，值得信赖。
1,哈哈 收到了 刚收到就迫不及待打开 包装非常好看！！哈哈 刚打开就发现自己赚了 开机下载几个游戏玩玩 一点都不卡哈哈 必须5
1,地理位置很好	房间也比较舒适	只是携程的房间都是在有停车场的一面	而且还有个大烟囱	不是很爽.
1,南楼房间还算干净	位置也还行	去景点都不远	打的起步费就够了	符合三星的标准
0,答应好的给退的，怎么回事？
1,青海宾馆在西宁还算不错，大床房床离门非常近，隔音不算太好，电视小且旧，不过酒店环境还可以，早餐也不错。
0,感觉一般，就是各方面都一般，在三门峡这种地方住住还是可以的
0,酒店的管理不专业，服务非常差，房间的空调不足，冬天的被子象夏天被，晚上住宿要用自己的羽绒衣防寒。
0,卫生差，有小动物出没。早上第一班车退房人多，只有一个服务员，那个淡定，差点误机了。
1,第一次在京东买裤子，物流快，价格实惠，店家服务很好！以后就在这家店了！！！！！
1,比超市便宜送货很快，多次购买了
1,真心不错，价格便宜，质量很好，值得大家购买，！！！！
1,不错，屏幕很大，姨妈挺喜欢的
0,便宜没好货，都是假的！再也不来了！洗后隔天就痒
1,物流快，收到！一份大礼包，经济实惠，而且好用，正品，香味好！五星好评！
1,真的很不错面料很好值得购买超级划算超级满意，想买的朋友不要犹豫快快下单(?? . ??)
1,买了两盒，总体还算可以。一般苹果保存时间比较长！
1,裤子真心不贵，还送了袜子，质量超级好的，款型又好看，赚了赚了。卖家客服态度很好哦。而且物流也好快，超级快就收到货了，不错不错！推荐推荐！
0,收到的和图片上不太一样，收到的是维他命的补充，图片上是维他命和矿物质的补充，希望不是+引起头屑的什么+货，想问问吧客服都是机器人，答非所问，火大，打开看了，估计退不了了吧，没怎么用京东，不会了。
0,太差了.尺码太大.买了只敢穿一次.亏大了
1,裤子很好，一直买他们家东西，码数正版型也好，客服也很可爱
1,用过n多种，就清扬靠得住。可能个人体质的问题。送货快，套装还是十分合适的。
0,为什么安装的应用总是闪退？？？怎么处理，到底手机有什么问题？
1,买来以后直接开机更新，画质很好，音量大，轻薄。不过还是建议买wifi128的，毕竟这个带出去用的机会少，用手机开个热点就好了。wifi128的还有耳机送。毕竟是平板，还是要和手机区别开来，手机的便携性是无法比拟的。
0,我的明基Z2的miniSD卡一关机就认不到，要重新插过才认得到，现在连手机的内存都认不到啦，存在手机上的mp3跟音乐都找不到，555~~~mp3也不能用	但电话本和信息又正常.我买了还不到一个月才，是我点太背了吗？唉~~
0,上当受骗了！一拿到手才知道不是胡兰成的原著！还那么贵！可恶！为了不破坏我的感觉！我决定不看了！准备哪天找个家伙卖了它！害的我又重新买了两本胡的书 怎么说不要破坏感觉 果然 文采斐然 不忍放手不过为什么总是木有山河岁月这本书 缺货缺货 无可奈何！
1,还行哦，618前买的，价格便宜，速度也还行
1,6.18活动买的好划算，包装的很好，发货速度快，价格美美哒，京东棒棒哒
1,618活动买的 一起买了几样 还有好几个赠品 很实惠
0,我们是5月1日通过携程网入住的，条件是太差了，根本达不到四星级的标准，所有的东西都很陈旧，卫生间水龙头用完竟关不上，浴缸的漆面都掉了，估计是十年前的四星级吧，总之下次是不会入住了。
0,有这样的中果吗？超市小的比它大，价格也比超市贵，这还用秒杀价，忽悠人吧
1,很新鲜，这次的大小也很匀称，不用去超市了
0,重了点，镜面屏容易在上盖留下指纹和划痕，送的瑞星杀毒软件报密码不对，不知道咋搞得
0,我三十岁，父母年纪大了，本想买一本能帮助家人保持健康的书，但很失望。觉得更适合职业为足疗或按摩师的人去买。还有，网友提问都是个案，但刊登篇幅那么大，有被骗冤枉钱的感觉。
0,噪音稍大，再就是装XP系统确实蓝屏的几率比较大，装VISTA算了，别的缺点暂时真没发觉，水平有限
0,我买了才一个多月，感觉内存小，摄像头颜色不正，待机时间太短，原装电池充满一天就没电了，就输入法不好用
0,收到就这样了，找客服也没回复我。遇到娃娃生病放了几天，全坏了
1,卫生间蛮宽敞，有淋浴房，也有浴缸，是分开的。就是晚上到的时候，听到一帮子人在西餐厅吼卡拉ok	实在是太不雅了	也太扫兴了。
0,三个坏一个，网上买生鲜还是不靠谱
0,还没有收到东西，网上显示已经收到了，*骗人的物流！
1,东西非常的不错，质量不错，价格也非常优惠，而且物流的态度也好，商家的态度也不错呢衣服不错 穿上很舒服 面料也不错 做工更是没的说 第一眼看见就喜欢
0,感觉买小了，穿上很紧，不舒服
0,有坏的，质量不敢恭维，强烈建议不买，不新鲜，没有保鲜的
0,服务太差 跟其他的分店根本就没法比 虽说是连锁店 也不至于这么牛气吧
0,内存比较小了。以后要是装windows 7 的话需要加装一根1GB的内存。。
1,苹果又脆又甜，个头不大，水分还可以，给京东送货点个赞！
0,不好用，洗完很糙，很油腻，一点都不顺，给老公用了
0,如果可以给0星那就给0星，刚到手就降了200块，而且是自己不经意看到的价格，价保也没发申请，手机后壳震动明显，就像在扬声器上，声音大，像老年机
0,东风太差洗一次给麻袋样不喜欢
1,入住的是贵宾楼，房间面积还算大，感觉硬件和服务都还不错。缺点是隔音效果不是很好，住隔壁的同事说竟然能听到我打电话的声音，而且走廊上其他客人的声音也吵醒过我2次。
1,苹果的个头不大，但比较脆，比较甜，推荐大家购买
0,特别的差评，一个16G的手机什么都没装还卸载了好多软件 就占了7G.就算是系统占了内存，但也不至于占那么多，非常的生气，第一次在京东买手机买得那么恼火。
1,自己亲手装的。有工具不难装：还可以。家庭用买小了。送的花洒不怎么样。
0,包装太out了，连个塑料膜都不封，拿到手logo都全是划痕，真怀疑哪个加工坊自己罐装的，可怕！
1,第二次入住了，感觉不错，健身房，游泳池都很好。但这次入住有点小问题，早上六点的时候，有服务员莫名其妙开门进来，然后又出去了，几分钟后又进来，问是否退房，晕！当晚给我房间送了份鲜花算是道歉吧，让人感觉还不错！另外，他家按摩的金师傅水平确实可以，强烈推荐！
0,替人买的，结果充气包不够多，收货时壶口管子已经断了。但是京东售后立马补偿了500京豆。
0,感觉像假的 用起来和以前不一样
0,差评，包装差。两瓶其中一瓶漏液！！ 新的没法选差评！
0,听说于丹很火，就买了这本书来看看。以前读过《论语》，拿到手一看，很失望，没什么新意。《论语》好比是粮食，这本书就是熬给小朋友喝的粥。你如果只想了解一下皮毛的话，看看这本书还可以。要真正懂得论语的精神，还是看看原文吧。这本书也就是快餐而已。
1,京东真的很靠谱，昨天下单今天就收到了！东西也很满意！
1,酒店还算干净，送早餐，就是酒店名字容易让人误解，周围没有湖，感觉还可以。
0,郁闷无比，发错货，客服态度差劲?！垃圾垃圾……
1,苹果价格很便宜，味道也不错，就是个头不大，一共12个，优惠价买的，比较新鲜，送货很快，这个价钱也就只能买这样大小的啦。
1,酒店位置不错 房间一般 但是早餐还是不错的 餐厅比较好 对得起价格 下回应该还会住
1,包装好，味道好，配送快，谢谢京东
1,裤子收到了，是正品，颜色没有色差，物美价廉，你值得拥有
0,设施陈旧，最不好的是房间太小了（单人间），除了放一张床，我在想相同的价格，是否标准间面积会大一些?不敢相信这是四星酒店。
0,酒店很旧，空调一股厕所味，周围环境很吵，唯一的优点就是出行方便
1,质量好像还不错，但是款式，老款
0,待机时间短后盖松动厉害14版时经常死机	升级到16后基本正常最为不能忍受的是 至今仍经常自动关机！！！！！！另外所谓的照相机功能让人大跌眼镜
0,很失望！第一次买水果就遇到这种事，烂了两个，而且还大小不一。
0,苹果一般，不值这个价。3个烂了，有赔吗？
1,刚到手包装还不错东西很好
1,五星级品质！华为值得信赖！
0,这一次在京东上买东西被忽悠的团团转！才知道这么大个京东居然是这样对待消费者的，在线客服让给电话专员，投诉中心一次次串线，怎么都找不到投诉中心！那我就找12315.总可以吧，这个手机大家别买了，La ji 死！坑死人不偿命！
1,最为独特的设计就是其屏幕右下角的那个小圆点了，还以为那是一个服务指示灯。原来是K686独有的“LIGHT SENSOR”功能。当用户把屏幕背景灯选择为“自动”时，它就会根据不同环境自动调节屏幕显示亮度以达到节能的效果。支持动态拍摄功能，不过20秒的时间有些偏短。
0,用了一段时间才评价，太不好用了，看视频有时黑屏，有时没声音了，快递也太慢了！！！
0,第一次订到这么差的房间，可能是黄金周的关系，价格和档次根本不等同，纱窗是坏的，马桶是坏的，空调到灌水，在山庄的饭店吃饭没放盐，价格还和上海差不多，整个宾馆好像没有人搞卫生工作似的，总结出来三个字：脏、乱、差！！！下次来不住这里了！怕怕！！
1,买了就降价了，放卡的地方不是可以取出来的卡槽有点不方便。但是性价比挺高，外观很漂亮
0,房间真是好小，而且有股霉味，床单没洗干净，有不明的污渍，打到客房部要求换没人接电话，只能打到前台，送来条床单，我要求铺上，服务员说自己是前台的不负责铺床，客房部的人下班了，我只能自己铺。看上面几位评价数字电视比较吸引人，我觉得真是没什么可看的，存储的电影少得可怜，连续剧根本打不开。下次不会去住了。
0,大家都过来看，买的时候*昨天是*说什么秒杀，今天有是*，某些平台真是会玩。你们自己看着办吧，价格保护也是无效。
0,东东没收到	网上讲已送到	无语	以后必须货到付款.
1,大家都喜欢吃随便，蒙牛公司怎么做的来……
1,满意，客服大帅服务很好，咨询很多都给我解答，不嫌我墨迹，赞，还有售后小哥服务也好，就是售后安装好贵，120，坑吖，早知道随便找个人安装了，
0,我必须发点感慨，刚买了一箱牛奶就发现少了一袋………不说我斤斤计较就算了………关键是这蒙牛的鬼知道里面有没有偷工减料………不排除假冒的往三聚氰里勾兑牛奶的闹剧………我的肾啊…………
0,好几天了，货还没有到，不行的
1,东西是给慰问同事用的，但是同事说没给开发票，报销还得再申请电子发票 挺麻烦的
0,能说出这样的话证明了这个一个再简单不过的等式：不能保证行动一致=无耻！蒙牛=不能保证行动一致、所以:蒙牛=无耻！
1,很好，价格实惠！品牌值得信赖！
1,个头还行，红扑扑的惹人喜爱，物流配送很快
0,承诺的是2.96kg，单果210-260g直径8公分，我收到的总重是2.642kg，随机抽查了3个果，量了一个果。京东送货还是那么快。
1,我住的商务大床房	房号607的那间洗澡后厕所会积水	好几次差点摔倒
0,相当于招待所水平，没办法才住的，就是因为早起赶飞机。
1,不好意思，刚才一时手快，最后一句打错了。  原来有一种情始终牵动着我们的心，那就是我们与亲人间的不可抹去的深深的情愫啊！哈哈哈。请多多支持。
1,运行速度快、指纹解锁灵敏、操作流畅，屏幕清晰、音质也好，遗憾的是，没有送耳机，电池的续航让人失望。京东的送货速度非常快，快递员也蛮客气的。
0,不好用，死机，接电话经常断线，不对，是两分钟必断线，希望得到解决。
1,不错，囤货，618价格很合适。脆甜
0,刚下完单就降价 申请价格保护 谁是促销 不差那点钱 但心情不愉快
0,不爽，为何比双十一价格还低
0,全扔了，不知道是放了好久的，不敢吃，一点都不新鲜。
0,酒店前台服务员态度非常差，第一次住这样的酒店！可能以后再也不会去这家酒店了服务态度极差
0,酒店位置离浦东机场很近，房间设施比较陈旧，酒店服务很差，服务员态度不够热情，远远达不到星级酒店标准，酒店去机场的班车，司机服务态度极其恶劣，车子闷热，司机空调和排风扇也不开（司机座位旁边窗户他自己开着），客人提出要求后，司机竟然说就这一点点路，大家忍一忍，真实无语。酒店早餐也非常差。
0,屏幕分辨率低  对于图形操作很不方便 整体塑料感太强（或者直接是塑料） 不耐磨 笔记本的开启 不是很方便 （好几次我老婆都从背面准备掰 吓坏我了）  预装程序超多  硬盘分区只有2个
0,第二天就降价了，心里不舒服给差评
0,我买平板是为了玩游戏的，远远没有达到心目中期待的效果，玩大型网游还是带不动
0,5.1在国美购买，上周出现N70无信号，国美维修处还在推责任，以后再也不买诺基亚啦！
0,削了两个，第一个削了皮就看到了烂的，第二个如图，对得起京东自营的招牌吗？
0,"房间小	风格老.特别是服务糟糕.我是3月初住的	当时房间空调吹冷风	跟服务员反映三次都没任何效果	管他们要被子也没有	差点把我冻感冒.本来是订的三天	结果第二天一起床就""落荒而逃""	去了五华.性价比太差.相比下五华好得多	同样的价格房子大了一半不止	而且风格很家庭化	特别是我住的是拐角处的房间	大弧度的落地玻璃将芙蓉路与河西景点应收眼底."
1,房间什么的都挺好，不过就是网络太慢了，真的是非常慢。我用迅雷试了试，结果是4K/S，跟最早的电话线拨号上网一样。
1,好吃，连平时不吃苹果的老公也爱吃，价格公道
1,买两种规格的，实际发货应该是一样的，
1,裤子版型不错，质量也挺好，穿起来很好看，过段时间再来追评
0,去**的 13天才到。真尼吗壁的快
1,活动购买很实惠，用着感觉也还可以
1,很不错的平板手机，京东618活动价格便宜了200来块，还送游戏卡包和影视会员，平常不玩游戏，*还有就是出厂系统不能更新，稍微用一用就卡了，4g内存就剩7、8百M，后来升级了官方最新系统EMUI5.0，再也不卡了，基本能有2g内存剩余！没拍手机，图都是这个机拍的，目前很满意！
0,双11提价到49元，满199减100。现在你卖24。是京东作死呢，还是店家把顾客当傻子。现在京东就剩物流了？
1,作工精致！价格厚道！ XP、驱动、全搞定，有问题的可以加群8757013咨询！群内有高手！
1,舒适度好， 厚薄合适 挺好 不错 暂无 服务不错，未发生不愉快的事情；
1,各个方面都还不错，接受渣打银行的信用卡但是不接受招行信用卡预授权，只好让朋友先代劳了。不过在退房时却又可以用招行信用卡付帐，感觉怪怪的。
0,说是三个装，打开只有两个，也是醉了
1,用了一次，还是以前的感觉，还是潘婷用的顺手，下次要是打折多买点存着?
1,故事二：出到社会，一些成功人士说，一只老鼠掉进了一个半满米缸，这意外使老鼠喜出望外，确定没有危险后，它一顿猛吃，吃完便睡。老鼠就这样在米缸里吃了睡、睡了吃，日子一天天过去。也曾想过跳出米缸，但终究未能摆脱白花花大米的诱惑。直到有一天米缸见底了，最后安逸死了！我们要向蒙牛牛根生学习
1,不错吧，有点酸，但品质还是可以。
1,物流太快了，收到货后也太满意了，物有所值，真心喜欢，果断收藏店铺以后就会赖上她家的店
1,都挺新鲜的，口感没有些生，不过很甜的，估计再放几天就好了。
0,故事无聊，人物无力，描写拖沓，可以伴之入睡。
1,裤子很好看，质量也超级好的，物流很快，很喜欢
0,最不满意的一次购物，本想买个双4G的，用的联通4G卡，结果勿拍了移动版的，五号收到货，七号就跟客服联系了，结果没人理，没人回应，一直拖到十几号，又说过了退货的时间，换也换不了，搞得还要再去买移动卡，联通的只支持2G，之前一直觉得京东还是不错的，越来越发现，东西卖的贵，售后还没有保障，失望，以后不敢再在京东上买东西了！
1,宝见收到了，还没穿，看着挺好的
0,加绒裤没有绒 客服半天不说话 差评
1,速度慢了点，还可以接受，主要是用来收发微信的，玩游戏的就别买了，看视频清晰度一般，也还能接受
1,送货速度非常快，每个个头适中，一次吃一个刚刚好，一天一苹果，医生远离我。苹果是我家的常备水果。
0,衣服质量不错，款色也不错
1,穿上去很舒服，给老爸买的，他很喜欢，质量也挺不错的，好评。
1,东西收到了。清扬洗发露味道很好闻，洗后头发很舒服，价格实惠，满分好评。
1,还没用过这牌子的呢，换了试试，总用那几种，腻了。包装很好。
1,自己买过几次潘苹果，除个别箱比较差以外，总体感觉还行。这次是凑单买给阿姨吃的，不知道如何。
1,屏幕比K750C更好，清晰度和色彩更出色。镜头带自动对焦和闪光灯，更有白平衡，在具有准DC的拍照效果。音质倒一般，只要耳机的立体声效果好，我是CT820+EM7的配置，您说我会看上它的MP3播放么？但一般人反映，还是满不错的。
1,因为今天在电视上看蒙牛风云榜，主持有奖回答问题，奖品居然是昌珉亲笔签名catch me 专辑，我能不激动吗？是新专还带签名！果断去下载手机客户端，还没找到问题在哪，我手机的流量就像疯了似的，最后还是没找到！流量也没了，我真不甘心！！！ 最后是谁拿到那张专辑呢！！！
1,这是一家性价比很好的饭店	是苏州闹中取静的一处福地.酒店有宽敞的停车场	绿地面积大	古木参天	绿草如茵.登上小山	还有可供游人休息的凉厅	山脚下流水淙淙.房间里布置典雅华丽	中式的且床头有古诗相伴而眠.
0,欺骗消费者，四星级酒店拿后院的低档房搞促销，实在是上当受骗的感觉，空调温度尽然没用，装修效果最多值壹佰捌拾一晚
0,感觉是假的，用了以后头发掉的很厉害，头皮屑也比较多了，也不是很顺
1,多次购买，比超市买划算，这次的够比较红，应该是现在的季节比之前的成熟了吧。
0,早上刚送来，晚上就降价300
1,屏幕比想象中的要小，分辨率也一般。不过WIFI版上网就是快。
1,这么实惠还弄这么好箱子，成本不小，很有诚意，很好，一次买了很多
1,看过该书，感觉中医暂时不会消亡，尚有一、二十株老树活着，还有毛以林、黄煌、刘力红等一批有一定临床经验的博士在，还可以延缓其生命，但是不改变目前中医院校的办学模式，改变教育方式，提高学生临床水平，废医存药，迟早都会消亡。目前的中医临床水平，包括我所在城市中医药大学的教授们的水平实在不敢恭维，如此的教授会教育出什么水平的学生可想而知。
1,拿在手上感觉很轻便、发热量低、材质感觉很舒服、键盘也很舒服、键盘灯很实用！暂时就想到这么多了，以后有再加。
0,建议电子产品不要在京东买 因为不给开发票 客服联系了5天打了三次电话 每次都说当天会开 结果一直都没有开 严重怀疑诚信问题
0,房间空调不制冷，说可以换房杳无音讯。室内空气不好！
1,买*还送了袋装的补充算下来便宜
1,京东自营的产品真是太快啦，今天上午下的订单，晚上就送到家啦，超级方便。一直用他家的产品，滋源个人感觉很好用，这次赠送的东西也很多，赠送的小样，正好出去旅行可以带，很方便。真的很便宜，下次还会关注
0,用后来评，的的确确是假货！！慎重下单！！！
0,不好吃，在京东买过很多次生鲜，这次是最失败的一次，一点味道也没有，没有超市卖的好
0,唯一的优点就是离机场近
1,总的感觉这台机器还不错，实用的有：开（关）机闹钟5个，800条（500个人）电话本， 阴阳历显示，时间与日期快速转换，WAP上网，日程表，记事本等。
1,还没用，试后再评价，字数不定
0,酒店环境不好，不干净，地毯上还有别人的指甲等等脏东西，设施也老旧了。
0,上午*下午*送蓝牙键盘，我只收到裸机，没有键盘，申请补发，客服让提供截图，难道我们每次下单都要防贼一样吗！
1,用了一段时间了，整体来说看视频没有问题，发现很适合年纪大的人，字体等都很大，就是个大手机，如果只是看新闻，看视频，打个消消乐的话，足够用了，性价比挺好的
0,住一天比较合适. 服务员手脚不太干净. 小心别丢东西在酒店！
0,好多啊，质量不好啊，我的手机屏幕亮度不均匀，电池充电满时无提示而是白屏，电池在1格电时电量不足直到关机前还是1格电，晕了都！花了620元买的12月14日，专卖店的，质量让我晕倒啊！
1,裤子收到了，老公穿着很合适，质量非常的好
0,味道挺大的，穿了两天味道依然很大！
0,很好?值得购买，价格很优惠。
1,一直用清杨洗发水，大品牌不一样就是不一样！去屑效果突出，清爽滋养，值得拥有！快递给力送货及时点赞
0,东西好不好不说，物流太慢，快递不给力就很不爽
0,一直买这个苹果，这次的色泽和味道和之前不一样，不好吃
0,看照片觉得还挺不错的，又是4星级的，但入住以后除了后悔没有别的，房间挺大但空空的，早餐是有但没有可以吃的东东，环境是好但天气太冷，总之我以后不会再住那里。
0,明明买了4箱大的确送来两箱大的两箱小，更可气的一个逗比挑了两箱小的，导致我被怀疑。
0,总台服务态度不好，房间无线网络信号差
1,为了凑单 买了一份苹果。这个季节吃苹果 怕不脆了 。但是这个看着还行 还没吃
0,第一次在京东买手机非常失望刚买几天根本用不了，在开机的状态别人打电话经常不通，水货水货水货，要买的亲要慎重了
1,与其他品牌相比，具有很大的比较优势。尤其是散热和静音，更是其他品牌无法企及的。
1,非常好用，经常使用这个牌子，是正品！
0,收到的苹果很差，我在京东已买了很多东西，基本没有评论过，但是今天一收到这次寻真水果的苹果，拆开一看，品质很差，坏了7个，其他的品像也很差，下次不再在这里购买苹果。
1,高端大气，性价比高，电池耐用
0,有一个烂了，这批次的不新鲜！有无的赔？？？
1,买给老家父母的，第二天就收到了，京东果然速度，品相也相当不错?信赖京东！
0,三个烂的，苹果个头很小，不值这个钱。
1,华为，全家的信赖，大屏更好用，赞
0,店家很耐心，服务周到满意，就是安装工换了个墙上插座收50，把j旧的热水器拆下来，收了30，换了2跟管子收了40，120就这样没了
0,收到的洗发水不知道是被人用过的还是怎么回事 口是开着的 洗发液流的包装箱上都是 无语了也
0,讲真，我是个很能就和的人，当初看评论说清晰度低，我总感觉在我承受范围之内，收到货感到很失望，看多了高清屏，真的受不了这个。但是感觉退货好麻烦，就将就着用，现在超级后悔没有退货。华为这种长宽不和谐的平板设计用起来也不舒服。需要输入验证码时只显示一半的验证码图像，也是够够了。
1,发货速度快，商城订单信息跟踪很及时，商品很好，刚拿到货的时候感觉华硕真的比其它品牌包装要好很多，双重的箱子；性能都很不错.4599元能买到3470的独显，还是酷睿 2，感觉超值了……
1,我住的是复试海景套房，阳台就可以看见大海，晚上躺在床上耳边就有海浪声，感觉不错，服务员态度很好，缺点就是这里交通不方便，出门的话需要前台叫车，酒店设施就一般了
1,快递速度有点意外，端午节送到的，本来以为还会过几天到，裤子不错，给男票买的，他很喜欢呢，有需要还来你家??
0,产品质量真不行。感觉买的是刷新机。还经常死机。屏幕上连最基本的保护膜都没有。一次失望的购物。
0,以后不来这里住，环境设施和服务质量和都非常不满意，让人没有愉悦和舒心惬意的心情！真的是简陋很多！！！
1,包装很好 款式漂亮 质量不错
0,以前用着施华蔻挺好的 这次在网上买的 结果难用的不得了 洗完头痒的要命 再也不再网上买了
1,国产品牌里很不错的一款平板，也是华为做的比较好的东西，尤其是音效，就像家庭影院一样，很大声，有环绕立体声的品质，其他的功能、速度、灵敏度都很好，指纹解锁超快，看片听歌什么的足够了，真不用花那么多钱非得买个苹果的，买的很满意！
1,"屏幕很薄很亮 键盘手感不错 风扇很静音 没有传说中的""断网""问题"
0,闻了下，根本就没有姜的味道，而且洗完头发后，发现更油，最重要的是我闻那味道，好像跟欧莱雅洗发水的味道一样，真怀疑这次买了假货，用滋源牌子装其他洗发水
1,物流配送快，料子薄，夏天穿很舒服。码偏小。
0,外观较保守；重量不轻；摄像头效果极差，形同虚设；发热量较大，夏季必须配合散热器用。
0,冲这个标题，连一颗星都不想给! 确定这是170-210g的??!!    还酸不拉几的
0,“好聪明的‘小妮子’”老兄！怎么自己设了个陷阱，而又不放诱饵，别人不屑一顾、嗤之以鼻。最后反倒是自己踩进去了？？“我这一身灰……你们的鲜红和洁白”。恩恩恩，不错不错，孔子就是灰的，而你们就是鲜艳的。“在你们这些美女的心目中，孔子是什么样子的？”唉，真是美女心中之仁啊！难怪易老在书前一再提醒大家，此书“不能以人之心，而以妇之心！”而读之。
1,那个廊灯确实很恐怖	半夜经常会亮起	还关不掉	问服务员	她说那灯就那样.晕
1,运输时有溢出，显然没有包装好给我，闻起来挺香的。我喜欢。
1,货已收到，但是还没使用，用后再评论
0,1）距离浦东机场很近，出租车费20元左右； 2）有接机中巴，2号航站楼一层27号出口外； 3）出租车司机不愿意去，因为太尽了； 4）早晨去机场很方便，有送机中巴，但是去市里难以打到车，距离地铁站将近2公里； 5）房间太一般，早餐也一般。
0,一箱只有三四个果子好，其他的都不好，都是很小的果
1,性价比高，hp收购的康柏走的是低端娱乐本路线，独显512，不错！ 触摸屏一体成形，比较喜欢！
1,码不准，大了，之前不会啊，不知道是怎么回事
1,衣服不错 一直在纠结蓝色好看还是黑色 最终还是黑篮
0,在携程旅行网订的房，下单时含早餐的费用；到酒店说不含早餐。退房结账时也不退早餐费用。是骗钱还是强钱？酒店业能这么开嘛？
1,货收到了，但是还是有个别坏了，幸好快递员处理好了
0,商品100分，快递120分，gou.东服务0分，无故把我账号拉黑，客服更是垃.圾，还删我评论？呵呵，做了就别怕被人看到
1,宝贝收到了，太漂亮了。没有辜负我的期待。特别是送货师傅很辛苦，这么迅速的把货品送到手上。谢谢……
0,地理位置很好，但酒店房间很潮湿！洗澡水不热！最不能容忍的是没有电视信号！让我错过了欧洲杯的比赛，如果没有电视等同于很烂的小旅馆，酒店就应该在价格上做出很大的让步，可遗憾还是原价．以后绝对不会再次入住此家宾馆！
0,屏幕分辨率超级低，看个电视亮度都不够用。
0,购买的码不合适，邮寄邮寄到厂家说没有收到。差评，特差！
0,前一天买，后一天就降价，客服的态度也就是快捷短语发发。像有些店铺都是有差价可以直接退的。而且客服有活动也没有提醒。既然买你家的东西就是相信你的店铺，真是失望了，原来想退货的。手机发过来没有耳机和手机膜。只能差评失望透顶。如果可以不打星的话我一个星都不想给。而且看评论里为什么别人可以退差价呢？
0,第一台到手硬盘和屏幕就是坏的，质量不稳定，不知是华硕的问题还是物流的问题？！
1,产品很好。质量各方面非常不错！
0,买时只看别人说买给老妈很好用。我也买个给我老爸用老年人视力不太好字调特大屏上图标还是太小。卡太小两张还没有原卡两张大。手机边太薄半边圆易。
1,苹果还没吃，感觉跟超市价格。 的质量差不多，外观也差不多。不会特别红，有些红是红的，大多白的，很红的话，红三分之二白三分之子估计吃起来会甜这，看起来像是脆的。直径有过70毫米，去掉纸箱重量和预计水分损耗，有过2kg的。
1,其实夏天去三亚旅游还是很合算的	价格绝对优惠	人也少得多...这个酒店夏天的性价比还算可以	冬天另说. 位置不错	正对大东海广场	大堂很好很大	典型的三亚式风格	门窗都是永远开的	我住的是别墅	房间还算大	电视小点	不过也没时间看...早餐很简单.俄罗斯人很多. 有个游泳池正对海岸	还正好碰上海军演习	开炮射击	咚咚响.
0,跟水之密语那款一样，真的很难洗，洗了头发好糊，原以为家里水质问题，换回原来的洗发水，就不会了。。。。。。。。。。。。。可以退吗
0,房间设施很一般、也很陈旧了。宣传册上说是“三星待评”，估计凭这种硬件设施想评三星基本上是不可能的。度假村内没有餐厅，用早餐需步行10多分钟到贵宾楼，还要另外付费，成人20元每人，儿童10元每人。
0,典型的买家秀与卖家秀，建议不要买，太小了！
1,不错，超级划算，主要想要大瓶的洗发水，单买太贵，所以买套装划算，用不到的刚好送人
0,又发现的缺点：一、将使用数码相机照的相片传到手机后，无法将照片作为背景，容易死机。二、使用一段时间后导航键会出现毛病。
1,想起来了，现在是雅子的生日，我还隐约会背出初中时你那小灵通的号码，还清楚的记得cc	kk	zz	yy. 还记得那蒙牛酸酸乳。现在就你还在身边，哈哈。不愧是小学初中高中毕业照上都有的人
1,老公非常满意，裤子质量很好，而且面料柔软有弹性
0,赶早班飞机订的，卫生条件太差，地毯都是黑的。
0,外观挺好，但是不开心的是我就吃了一个，结果就是坏心的，
1,上京东买了好几次了，这次还是不错的
1,质量不错感很舒适，，尺寸合适，性价比高
1,不错，味道清爽甘甜，快递小哥服务周到，包装也不错。
0,窃以为就算设置没弄好，就算听力有障碍，就算几个朋友也不会设置，咱做售后的是不是应该先问问清楚，待这客户使用不当的可能性都排除了，再作他论？
0,不得不说，这都是假货，东西上面贴个标签就是丹顿公子了？发过来的东西都不是一个
1,喜欢蒙牛纯奶的新包装
0,假货假货假货，一直很相信京东，这次好失望啊，外包装明显和之前买过的不一样，味道也不一样，主要是使用后一点效果都没有，好失望。。。
0,货还算可以，快递也快，就是今天下单，明天就掉价，取消不了单，坑人
0,味道和我在大润发买的一点也不一样，用完以后头皮痒，头发还干。果然不能忽略差评！
1,爸爸很喜欢～16G父母足够用了 也就平时玩玩斗地主 聊聊微信 看看视频
0,收到货屏幕是坏的，而且我看没有超过7天包退的时间范围，，就先找的商品客服，商品客服让我找京东客服，找了京东客服，京东客服又要我找商品客服，，结果就是屏幕不在三包范围内，不能退，不能换，也不帮修，，，，
0,商品太差了，不建议买，不好穿，没法穿
0,酒店除了地理位置很好之外 其他都不行 房间隔音差 卫生间又旧又脏 下次再也不会住了
1,这次的苹果好好！个个都大！外包装也都加上塑料袋！很好！下次还买！一年得在京东买不少！
1,裤子质量不错。穿起来挺舒适的，对这次购物挺满意的。
0,订了商务大床间，可惜房间小的可怜！床和写字台之间太紧，基本上不能转身。更无法忍受的是房间卫生间的异味太重！投诉后，没有任何的解决方案，说空气清新用完了，居然让我开窗通通空气，让人哭笑不得！客人来过都表示气味难闻，很尴尬。房价也严重的性价比不值。早餐就不想提了！强烈建议不要入住！
1,我想说，这是真正的经典。离奇的情节，完美的文字，无果的结局，青春的回忆。和且听风聆比，它情节更饱和，伤情更含蓄了。和挪威的森林比，它更悠长，更值得回味。：） ， 不是中年人，怕是读不深，但应该也能一口气读下去；如果没有读过很多本村上的书，怕是比较不了。好书，建议你可以买2本，一本自己读，一本留给你的下一辈读，或是送给心爱的人，比如告诉她，她就是你的弹子球。
1,不错很好用，洗完头发滑滑的！很满意！
0,内容空洞，讲得道理都是平常人都知道的。不值得买，没事可以到书店翻翻，不必浪费这个钱。
0,快递送到了为什么不打电话？难道你手机没费了吗？我都不知道谁签收了，后来家里人签收了
1,收到啦，挺快，包装挺好，至于好不好看图片自己鉴别吧
1,裤子质量很好，与店家描述一样，版型也不错。做工很精细，没有线头。
1,房间虽小，但很干净的！有点家的感觉，以后还会住！
1,有“移动”标志。按键很舒服，很有弹性。蓝色键盘灯散发出来的光线也非常漂亮。摄像头具备补光灯，夜拍时可以好好地利用。它的接口比较多，支持红外、蓝牙；还有USB，和电脑上的USB联上，信息就可以共享了
1,不愧是westin，房间就不用说了，游泳池啊room service都很不错！卫生间很大！
0,档次太低，房间太小，设施太差，一台电梯。
1,穿着合适，做工很精致，质量不错
1,不错的苹果，没有异味，外边买的有异味估计是保鲜药吧，脆甜的孩子喜欢吃
0,买了送给爸爸的，还不错挺轻巧的，送货速度超快。
0,已经下单好久了，还没有看到书。现在只觉得这里的服务不太好。
0,跟我订的都不是一类的 而且降价也只是噱头，一星都不想给
1,不错的一家酒店，服务人员都很有礼貌。住在二楼，虽然是木质结构，不过周围还算是比较安静的。早餐虽然品种不多，不过胜在时间较长。性价比较高啦
1,商品安装费用花了160元 加热使用不错，服务态度是确实不错 电器中服务最好的
1,第2次购了，要及时吃，久了就不好了。
0,这是买的最不值的电子产品了 打电话声音完全听不清，还动不动就卡机死机现象，总之这机器没有发现什么优点，电池也不见得耐用，更 坑人的是我才刚买发现完全不想要了，给京东收回才*多元，郁闷都没有怎么用过2480的东西刚买就这个价收回 佩服他们真会赚钱呀
1,裤子很不错，穿着很舒服，尺码也挺合适的，穿上很好看，快递速度超快
0,这衣服L号的比xxL号的都大，是几个意思，一点都不专业，鬼火死了，只有扔了，建议别买了，坑死了
1,物流速度很快，包装很好。寄回老家，给我儿子的，儿子很喜欢，很甜。。
0,这货我真服了，我明明要的是30码的你给我发28码！    一百多块而已，老子就摆这了。连折腾的心思都省了，因为那样更闹心不值。买衣服还是去实体店吧，省心
1,一直用这个牌子，好用，现在搞活动很划算
0,会不会还有人买？我以为一天到的水果，会很新鲜
1,很好刚收到没有坏的非常满意的一次网够买水果！好好好好好好好好好
0,电池待机时间短，翻盖太厚。不能翻页（在看短信，查电话簿）。
1,一用清扬	没有头皮屑。非常不错。
1,发货速度很快，拍下后第二天上午就送到了，一直使用潘婷来的，洗发护发效果都很好，还会一直支持购买的。
1,信赖华为，手机用的华为。平板也果断选择华为。拿到手里，手感不错，试了一下音效，很满意。因为只用来看视频浏览网页。考虑到性价比，还是不错的。
0,一个钻石客户对京东彻底失望了，以后不再京东购物了。
1,512MB的海量内存；标配的线控耳机非常精美；配备了双CPU处理器。
0,看到说有四件赠品，收到的只是一部裸机，膜都没贴一张，跟客服联系推来推去，居然说赠品全部赠完了，打京东客服四次都没打通，对京东好失望。
0,388元的房间	也就值248元. 上网居然收费且人工配制IP. 打死也不再住.
1,用起来感觉还不错，用一段时间后感觉内存还是小了点。
0,哎。上午买完下午就又便宜了。还没用。
1,华圣一直是国产苹果?的战斗机，哈哈！唯一缺点就是贵，还有苹果上的那张帖子，特别烦人，因为好的苹果我是连皮吃的。建议改进！
1,东西已收到，挺喜欢的，唯一不足的就是没有屏保膜，上次买了手机也是，希望以后能把膜也带上
0,连说明书都没有，发票没有，还说什么标配？还要什么五星好评！
1,好用，老公一直用这个牌子的，这次是买给老爸试一试，夏天了，用这个比较凉快一下！
1,金属外壳，看起比较上档次。携带方便，大一点的包都装的下。还有正版系统盘，马上感到放心多了。
1,都还不错买了三件，直接上图了
1,裤子不错	物流很快	性价比很高	不掉色	主要是穿上高大上
0,在前台不能刷卡预授权，有点不方便。搞不懂，为什么可以刷卡消费，却不能刷预授权？
0,太难用了，发根依然油，发尾要干死，不知道优点在哪
0,14寸宽屏确实感觉小了点，可视面积太小。漆面有1、2个突起的小疙瘩。风扇声音还算可以忍受。vista用起来不是很习惯，拿回来必须重装 C 盘分了200G
0,前台的197号服务员，是个大约四五十岁的中老年妇女，态度很差。入住登记的时候就一脸很不爽的样子，随时要跟我们吵架，句句都是在抱怨和指责，白眼一个接一个。我们忍了，但友情提醒以后来入住的旅客，对这里的服务期望值不用太高。另外，房间紧邻4环，噪音较大。
1,物流快第二天就到货啦！卖家服务好。相信京东下次还来。第二次来啦。还送好多小瓶
1,在读了《夏洛的网》后我认识了一个可以度过几个春秋天的猪（这本书的２主角）——威尔伯。当然还有主角——夏洛．阿．卡瓦蒂卡——一只蜘蛛。她用她的一生让威尔伯度过了几个春秋。当她在生命的最后一刻，孵化出了她的孩子：五百十四个孩子（小蜘蛛）并让威尔伯带回农场。我觉得这本书可以说是一个动物世界了（当然许多动物没有在这本书中提到，只有我们常见的动物）
0,差评、都坏了，不新鲜，都没办法吃，新鲜的水果一天的时间不应该这样
1,个头有点小，个头有点像新西兰苹果，可惜颜色和味道不像。
0,第一次京东买水果。果然给了我大大的一个惊喜。催单总是提醒由京东派送中。6月21日下单，6月26日送到。中间申请退单也被拒绝。请问我是想买水果回来吃呢还是买回来做肥料的？一个星都不想给
0,还没用呢，用了在告诉你们效果
0,夜里没有空调，房间又没有窗户，热的不得了，早上来空调以后又冷，害得两个人都感冒。问酒店怎么回事酒店说是威海市酒店都这样，电力局晚上给关的。但是本人强烈怀疑他们的解释，要停电都停电怎么可能只有空调没有呢?而且，我们后来搬到国际海景城酒店公寓就没发生停空调现象。另外酒店离海边很远，走路最少20分钟。
0,一丁点大，寄过来让我涨姿势了，原来这么贵的火龙果可以这幺小。还有坏果，三个坏掉两个，媒体报道的开箱验货现场赔付都是假的
0,位置还可以，设备有些陈旧了，房间卫生也不如人意，酒店的餐饮质量也不好，服务还行。
0,质量真的只能算一般，穿了一两个礼拜烂了
0,很简陋，早餐也差，这个价太贵。
0,酒店性价比极底	 早餐品种单调	老外一般只吃早餐	可这次不得不吃午饭;入住豪华层可房间很小	转身都困难	两张床只距离15CM远;马桶竟然没水;门弄了很久才打开;总体感觉是园林虽小还算可以	房间装修粗糙	我以为海德的产品一定不错	因为我住过398元的义乌海德大酒店	而扬州这间这是失礼人了.还收600多一晚
0,真垃圾，来了内屏碎的，寄回去换货，检测无法确定是谁责任让我们找厂家付费维修，外观都是好的外屏一点划痕没，怎么判断是不出来是什么问题导致的？
0,携程订的1层房间整体条件很差，不值那个价钱，需要重新装修
1,thinkpad这块铁牌子给了联想也还是依然对消费者有着强大的品牌效应，靠这个牌子就足以吸住眼球了。整体配置比较合理，中规中矩，没有凸显的特点，也没什么缺点，一般的移动商务都可以满足，玩游戏的同志请还是移步独显本
1,机器还可以，手感也不错，外观有三种可选择：太空银、玫瑰红、宝石蓝，外屏4096色	内屏很大，65536色，亮度足够。
0,外壳容易留下指纹。USB接口位置有点难受。居然不带鼠标和包，东芝网站上可写的有，便宜就克扣赠品了？
0,送机要么4点，要么5:30。师傅接送机不帮忙上下行李。酒店硬件不如快捷酒店，不值。
1,刚打开看了看，确实不错，东西物有所值，值得购买，手感也不错，都下载了很多东西了，玩着流畅，听音乐看视频么么哒！
1,马尔哈巴的奶茶用蒙牛纯牛奶，保证奶茶的品质
0,内存小了，喇叭就那样，但是声卡太烂，我外接惠威的1010，声音和台式机比有明显差距
0,果真是便宜没有好货，应该是假货
1,有折衣服的方法，挺不错的但是，我觉得编辑似乎忽略一个群体，大学生。老实说，我用那些方法叠衣服是把衣柜整理得很整齐，但是，厨房啦地板这种，还与我无关，我还是想知道，怎么洗衣服才算最干净的，那些本本的线怎么拾掇才能整齐，手提包的东西应该怎么放才不乱，书桌应该怎么整理。现在大学生的书桌和衣柜基本都是这样了，所以读者应该还是挺多的
1,刚刚收到，打开看后质量很好。一次愉快的购物，下次需要再光顾。
0,写的要赠的两套茶籽的套装去哪了！？
1,就性价比不错。无Express插槽。键盘键程短手感偏硬。显卡比08年的台式机的显卡差太多了
1,在携程定的价格和直接到酒店前台给的价格是一样的，没有优势。
0,该酒店是携程所介绍的最差的，早饭很差，一大群服务员坐在一旁的挖鼻屎、化妆、大声说话，恶心！补充点评 2006年11月6日 ： 大房间里没有小床，设施简单。
1,帮同事买的	华为还行	好像通话平板没几款有适合的	只有挑这个了.
0,收了三盒水果 苹果盒子还没打开就有一股烂味 打开后发现盒子都烂掉了 苹果烂的都发霉 反应给客服 居然说要陪我十块钱优惠卷 真是神奇啊 京东生鲜已经变成这样了吗
1,裤子已收到	嗯试穿了一下还挺舒服的	面料棉棉的挺软的	大小长短很合适	价格也比实体店那划算多了非常满意的一次购物	客服，物流服务态度都很好也很快	好评！
1,第二次购买，好像比第一次又便宜了点，用着挺好，应该是正品，相信京东自营。
1,豪华标间房间比较大，价格也比较合适，环境也干净，还有水果送。设施比较齐全，还有直饮水。去各个景点也比较方便。早餐品种挺丰富的。整体还是比较满意的。再说说不好的，卫生间淋浴房和卫生间房门的开向不合理，两个门一开卫生间就没空间了，很容易磕磕碰碰，最好把淋浴房改成移门。靠立交桥的房间晚上有点吵。
1,非常好的一家酒店，服务很好。房间的设施也很好。比很多五星级的酒店也好。但是，外面比较难打的。并且，这边的的士，都不打表，去3公里的地方，他们开价30元，真是天价的士。虽然跟酒店没关，但希望酒店能到相关部门反映一下。
1,给哥哥买的，穿上很合适，宝贝很好，当然好评了
1,服务很好	窗在路边也不会吵	很舒服.只是卫生间的淋浴用的不太习惯~
1,行政房确实不错，服务好，房间也舒服这个价位真?
0,酒店实在太差了	房间隔音极差	北塔挨着迪吧，快曲放到半夜3点；换到南塔，又挨着KTV音乐响到半夜2点，根本睡不着觉！换房间的时候服务员态度又很差，真是从来没住过这么差的酒店
0,原配的windows驱动盘不错，只是安装无线网卡遇到点麻烦，先用自带光盘上GE780到NE771都没有用。后来上网查找，才知道这款机器用的无线网卡是NE-766。再到网上搜索驱动，下载测试，OK！
1,不错的酒店!房间较大并舒适!因为是住21层很安静!1楼餐厅菜肴价廉物美就是品种很少!是桐乡很好的酒店!
1,这个华圣苹果很好吃。价格也还挺好。碰到秒杀的时候买就更划算了。我们全家人都喜欢吃这个苹果。
0,火龙果买过好几次都不错，但这次不太新鲜，不如以前的好
1,5月25号在京东买的EPC1000HE，因为另外购买了联想的X61T（朋友在美国带回来的，(*^__^*) 嘻嘻……） ，所以想卖了台1000HE，黑色的，原盒原京东包装都在，如果是东莞的来看机最好，机子全新，贴了酷奇纳米银的键盘膜，绝对全新，发票单据齐全，京东给我的一样不少，有意思的联系QQ 282369262 我手机13431221132
0,什么洗发水假的吧！洗了头皮屑多死了
0,1、内存不够大，只能容下10个图铃，更甚的是只有三首铃声可以加入自定义，这样好多人在下载歌曲的时候就要割爱了，分组是就更是割爱。短信铃声和闹铃无法自定义。2、应该充分利用机身侧面的上下键，让其在查询电话号码、看单词和浏览菜单发挥更大的优势，而不只是在调节通话音量和看短信时才有用。3、通话声音和铃声都不够大，有时也只能开振动了。
0,裤子收到了，还挺不错噢……
0,垃圾东西，什么布料起毛的。被骗了！
1,东西收到了，挺好的，很满意！送货很及时，谢谢快递小哥的贴心服务！！！
1,包装好，送货快，没有坏果，但是味道一般吧，一分价钱一分货，总的来说还可以
0,电池很差，只能用一个半小时，内存还是要加，摄像头很不好，无线网卡驱动也找了很久
0,快递挺快，但是包装烂了，里面的东西一层灰，不知道是哪年的库存还拿出来换钱！
1,苹果很新鲜，脆，甜，水分足，京东自营水果值得选择！
1,质量很好啊，跟实体店差不多却省钱了
0,包装不好，里面的洗发水也不好，100%是假货，没办法京东也是有40%的假货了，京东差评，连买的袜子也是假货，这次购物太生气。
0,买来机子时候，配有2块电池跟1个旅充，没有座充的？！即使配了2块电池也不方便啊，还是要在手机上充电。通话声音也不好，太小了，听电话费劲，不过这机子的样子做的还是很讨喜的
1,搞活动囤货的 比之前都划算好多 不错 信赖京东
1,京东送货放心。上午下单下午就收到。苹果味道还行。就是个和描述的有差别。双层网包装看着可以。打开后苹果太小了。描述170-210克。12个基本没有大于170克的。
0,对快递哥很不满，给一星，希望以后改进
0,再也不买他们家的火龙果了，都看不见果肉
0,酒店位于机场附近，而且有穿梭巴士送往机场，交通十分方便，但酒店设施一般，早餐也比较差，房间很小，服务质量也一般。
1,蒙牛还是挺好，实惠，最便宜。。。。
0,自带的系统太傻比，要在bios设置中把sata关闭，然后安装其他系统。
0,假的，特不好用，洗了头发好油，味道刺鼻。
1,一直都喜欢在京东买东西，东西保证，送货还快，每次都会认真来写评价，东西非常好，服务非常好，送货员态度也非常好，我会一直支持京东！
0,下次网购再也不买这个了 到了六个 拔了四个 前面三个里面都软的 有股味道 。
1,很快就送到了，下雨天快递员辛苦了，苹果都没坏真好
0,老公说穿着很不舒服，不是很爱穿。真的不值这个价钱
1,京东很棒哦?，每次都很放心的购物，每次都有惊喜哦，快递也是很棒很贴心哦?。
1,得说，翻译的人缺少激情！和日本语的版本相比，翻译后的文笔平淡如水，情节发展如同夏日中的找吃的狗----无精打采。书，依然是好书。故事也够味，想表达的意思也很清晰。总的来说，这是一个颓废版的谷崎润一郎式的作品，人的劣性、不满足、爱情的虚幻，表现的挺好的。作出选择就是结束，如果后悔，就很糟糕。这本书倒挺适合那些做选择时前思后想的女孩阅读。
1,总的来讲还是不错的，但相对五星级标准房间过小了，服务还算可以，周边的环境一般，只是对于城市人来说还是比较新鲜的。
1,味道超好！京东的物流也是非常的及时
0,质量很糙，牌子连产地都不知道，只有一个英文字母
1,发货快，包装好，果子香，非常满意，还会再买。
1,虽然说酒店的房间有分散之嫌，但那种民族特色真的还很吸引人，价格也能让一般的游客接受！我喜欢
0,应该一颗星不给 京东自己的快递差到极限
0,尼妈啊！！刚才买了箱蒙牛纯牛奶，打开喝了包，靠，真心受不了，跟水似的、、、尼妈我真心后悔吖！还以为蒙牛成心悔改、、、牛根生你好坑人啊、多少好喝那末一点点我也不会这么桑心啊！真跟水是一样一样的、、、
0,用了半天 卡机2次 需要从启才行 很烦
0,实物很评论差好多，除了快递速度快点，吃个跟普通苹果没什么区别，感觉有点不值
0,看乐以后感觉是很傻的书，直接送给初中的小朋友了
1,房间很清洁，洗手间装修好。早餐非常丰盛，豆腐脑很好吃！交通很方便。隔音不够好，我们的邻居夜里1点多电视声音开的很大，投诉后酒店服务人员去与隔壁邻居协商解决了。
0,没一个是好的！全都是烂的！差评 差评 差评 快递又慢
1,又可以吃到京东自营水果了，味道比超市里买的好，虽然价格贵一些，但也值了，送货速度没的说，就一个字，快！快递员服务很好，帮我送到楼上，希望以后随时能吃到自营水果，去年冬天就不配送了，感觉不爽
1,用的还可以，可惜不能帮忙装内存条。而且我同学的第二个盘双击就可以备份，我的不行
0,假的！洗了头痒死了，而且容易油！
1,老公选的，觉得还行吧。京东送货很快
0,假货，假货，洗了头发好痒，好多头皮屑，
0,"俗话说""便宜没好货""	""一分价钱一分货""	建议携程网不要再向客户推荐该酒店."
0,这是最后一次在京东买东西，买一个手机一个多星期才到，地址还给我搞错了，客服也是太无语了，说话根本不在一个频道上，还有电话客服说话那态度，简直了、接了一次，后面都不想接了……我发誓以后绝不在京东买东西……
1,刚刚收到货，还没有用呢。应该是不错，因为以前用过潘婷，挺好的，这次也相信了。
0,你这是什么裤子呀 我不知道你邮过来的时候是什么样 到货了 成废布了 下次可不能在你这买了 另外颜色也不对呀 废布的颜色都不对 我不知道你怎么发货的 还是 你想让我们自己加工呀 啊 ~~~
1,又大又好，很好很好。吃了再来！
0,差差差。。重要事情说三遍
0,外观有点难看，估计是模具的关系吧，还有塑料的外壳感觉很低档，应该是设计的不美观
0,买的时候图片上有吹风机，宣传活动上也说套餐里面有吹风机，我买了两套，收到货确没有吹风机，现在图片也已经删掉了，京东搞霸王条款？京东客服发信息半天都不回信息，现在把消费者当什么了？有些敏感词你不改好点还不让你评论?????
0,第一次启动照相功能无法使用，重新启动正常！之后重新启动一直停留在开机界面，无法正常进入使用，已申请换机器！！！
1,定的景观房，但给出的房间基本没什么景观，两间都是这样，也懒的找前台再去理论，下次要住定标房就可以了。酒店的其他服务还是很好的。
0,没有塑封，跟屈臣氏的差很多 不禁让人怀疑是不是罐装的
1,第一次买清扬的洗发水，味道还是很香的，而且包装还是这样好，很不错了。
1,很好很好很好很好很好很好很好很好很好很好很好很好很好很好很好很好很好很好很好很好很好很好很好很好很好很好很好很好很好很好很好很好很好很好很好很好很好很好很好很好很好
0,体积较大，虽然是最早上网本品牌但质感较惠普dell等品牌还有差距，鼠标按键和快捷键很硬很难用，基本可以放弃触摸屏。
1,大品牌，用了很好用，好评五星
1,其实 花这个价位 真没想到能买到这种质量的宝贝 真的挺好的还会再光顾
1,价格非常实惠，所以一口气买了五箱！减肥必备@哈哈
1,非常满意，很好吃，脆脆的苹果香
1,苹果不大，但比较新鲜，值得购买。
0,以前也多次用过沙宣，从来没有像这次一样洗完这么多头皮屑的，一天不洗头就痒死了，太假了
0,1.屏幕偏小，显示效果一般； 2.短信息储存量小； 3.不支持自动开关机； 4.不支持红外和蓝牙； 5.电池待机时间短。
0,我机子才买了不到一个礼拜，滑盖就有很大间隙上下左右都会晃动，心里感觉这机子很不牢靠。
0,差评！苹果又小还好多都有黑点还不如水果店。
0,简直小到不能再小了，太坑人了！京东这么下去慢慢作死节奏！
1,裤子不错	大小合适	穿上很舒服.
0,房间非常糟糕，零乱不堪，弥漫一阵腐霉气味，家具极其陈旧，地毯脏臭，冷热水不能调，龙头漏水，灯罩不翼而飞，不可想象居然还挂着三星的标志。有些酒店虽然营业时间久远，但维护得好，仍然可以入住。但此酒店简直象无人管理一样，破败不堪，非人可住的，与网站介绍完全不是一回事情。希望携程把好协议酒店的关，不能让此类酒店误导客户。
0,我晕这是什么苹果也太袖珍了吧！而且不甜！下次再也不会买了
0,差到无法理解，我带着家人来旅游，半夜十几个警察敲门进来盘问半小时我就不说了，明明电话问了前台一个男的说开增值税专用发票，来了又告诉说酒店不具备开专票的资格！！！ 房间有异味，还闷，隔音很差，早餐品种单一，常常住酒店的我表示绝对是近两三年来最差的一次！！
0,我真心恼火！本次购物不满意，套子是半包不说磁力太小总会掉，实在很不满意。送的钢化膜还有一个洞。我想退货强烈要求退货处理。
0,洗过那么多次清扬，第一次用到这种把头发洗躁的清扬，是不知道我的发质问题呢还是产品真假性问题
0,洗发水挺好的没毛病、沐浴液是赠品！沐浴液赠品！京东还把赠品拿出来卖吗？
1,看了评论买的书，看了以后稍微有些失望，本来是基于培养小孩阅读习惯去买的书，拿到书发现绝大部分是图片，文字太少。值得欣慰的是5岁的小孩很喜欢，尤其是神奇的蝌蚪，笑得他前仰后合的，还闹着要看下一本。个人建议，如果是出于培养阅读习惯的目的，不建议买这本书。如果是基于让小孩开拓思维，喜欢图书的目的，建议买这本书。更适合上幼儿园的小朋友阅读。
1,比超市便宜，价格合理，京东购物实在
1,手机很快，屏幕够大，用着很舒服。
1,科普儿童立体手工—《恐龙家族》一书，很适合小朋友在课余时间作为挑战自己细心和耐性的好助手！小朋友可以在裁剪的过程中，锻炼到脑的操控能力，在粘贴的过程，训练自己的坚持性，当恐龙立体展现时，除了知道了有关它们的知识和名字外，最主要是收获了一份自信和成就感！自信是小朋友迈开成功的第一步！是自我肯定的内动力！
1,一个字爽，可惜就是没有配套的皮套卖
0,就想给个差评，给京东这几年的服务。
1,屏幕大，鲜艳清晰。手写、收音机、金山词霸、通讯防火墙、红外传输等功能都很方便实用。做工好。
1,打开盒子确实被惊艳到了，相当美，比ipad感觉更精致
1,味道很香还没打开包装拿在手上就已经闻到香味了，昨晚下的单十一点就收到了，给快递帅哥一个赞，
1,最喜欢吃潘苹果了，爽甜可口。赞赞赞。。。
0,第一次在京东上买洗护用品 感觉不会再信任了 分明就是假货啊 一点味道都没有 之前还剩了一点点的以前的洗发露 一对比差太多 真的枉费我对你信任 第一次差评送给 京东
0,真的不想说什么，电梯真的要离房间这么远吗？朋友上来那个东西还得有人跟着，非要访客记录。卫生间的卫生很差，窗帘坏掉了，空调打开有咯吱咯吱的声音。心累。
1,配置不错，GF130M的显卡的笔记本电池续航能力已经非常不错了，C面过热的情况没有出现，噪音控制很好，键盘手感好
1,我才买的，送包应该也有我的吧，质量还是不错对的起联想这个牌子啊
0,房间小，根本没宣传的大； 住的北楼，要走一段路，东西多不方便； 像迷宫，绕来绕去不方便； 这个价位不值，性价比不高
0,刚刚到手，限购降价，申请价格保护不通过
0,16g的本机只有10g 占用啥太严重了 像素不大好又不能调
0,服务态度不怎么样，很多设置不人性化，例如床头没插座，得移开床拔了台灯插座才可用，刷门卡只有一个方向一面可用，捣腾了许久
0,没用几天就出问题，用着用着就自动重启，多重启几次就系统优化，拿到华为维修，说可能是主板问题要换主板，运气不好，买了个问题产品，想退货又过了退货期，
0,什么垃圾东西有些地方屏幕根本就感应不到
1,质量过关，无气味，质感好，做工精细。可惜裤头大了点。 弹性好 32 面料舒服柔软
0,买了10天	死机3次	数据倒不曾丢失
0,一箱里面3个烂了2个，而且有1个是很烂了的，良心何在？
0,借助一位职场精英的评价来表达自己对这本书的看法吧：可读性还不错，对刚入社会的学生特别新鲜。可对一些参加工作很多年的人来说，看上去就很麻木了……
0,苹果质量不行，软绵绵的，没有超市买的脆。闻起来苹果香味太浓，很可能是放太久了。
1,用起来挺流畅，音响系统很好，再用一段时间再评价
0,与图片不太相附，板型小一码，裤子易粘毛绒，一般般吧。
1,耳机是没有赠品的 官网上128G有赠送 不过也不用 性能还可以 鲁大师跑分10万多 没达到11万 玩王者荣耀在自己卧室关门用wifi没开描边 其他都最高 fps也稳定70左右 真会还行 最近几天会继续试用看看
1,搞活动买的，价格很合适，东西很好用，会一直支持京东的。
0,在裤子本身一个花花公子的LOGO都没有，而且与南极人的9505款是一模一样的，虽然价格比南极人那*
1,不愧是国产精品。华为的产品国人的骄傲。不知道买其他的国外的商品的怎么想的。这么好的东西为啥不是上上选呢？
0,十分差，服务，环境，从大堂到房间要行一段路，真 离谱xxxx
1,本机有个优点不错，那就是自动省电的功能，主屏会在你停止触键后两三秒变暗一点，但不影响视觉，过了你设定的背景灯时间后会分四次逐渐变暗，如想再看屏幕就按任意键（只开灯，不会作任何误操作）．短信的单音是指有新短信只响一次，如果选周期单音就是在你没有阅读新短信的情况下它会隔一段时间响一次短信铃声，提醒你阅读新短信．
1,分区时出现拒绝访问，怎么分都不行，请求帮助！ 送的1G内存条，怎么安装呢？应该不能自己擅自安装吧
1,蒙牛的包装变得很简单，之前的什么荣誉，什么免检，通通不见了，希望它能做好质量，做好品牌，真的无添加！
0,垃圾货！质量差得要死……别上当了！我在也不在网上买裤子了
1,今天收到货了，裤子很棒料子不错，摸起来就跟结实，针线细密。客服态度也很好，下次还在这买。
0,不是内容不好，是书质量问题。请问当当会不会有盗版书啊？146直接到了179缺了30页。退换均要一个月时间。狂晕。。当当就不能给顾客把把质量关？另外把退换弄得快点方便点消费者吗？以后再在当当买书都有阴影了。
0,昨天搞活动还没今天的价便宜？昨天刚买今天就降价，搞活动的还贵是吧，
1,物流很快，当天下午就收到了。反应很快，很轻，很薄，是国产中的精品。
0,四星级酒店，符合标准的地方我就不提了，有以下缺点：1.标间不提供免费瓶装水（吧台内的瓶装水8元一瓶）2.距离市区远，根本无法打到车，且不提供叫车服务3.其它餐不知，早餐巨差
1,配置不算低，价格不算高，样子不难看，系统不厚道。 给妹妹买的，具体也不知道，VISTA先用起来，不行再换XP。
0,对京东越来越失望了 包装都没有 盒子压扁了以前东西到了会有电话通知 现在也没有了 而且还多了运费 以前是没有的
1,这款绝对算是正宗tp系列里面性价比最高的了（sl除外）散热好的没话说，安静到像关机。 原装软件很丰富。
0,果子太小了，也不好吃，根本不值，下次不会再买了
1,包装比较不错，用塑料盒装的，不会碰破。
1,包装像是被拆开过，机器目前没问题，懒得折腾，相信京东售后，有问题再说，先赞
0,现在国内这个价位的本本大部分都是预装BASIC系统	如果可以的话	应该预装PRIMIUM系统.BASIC系统太丑陋	用起来还没有XP好.
1,京东送货就是快 快递小哥赞? 跟我在商场买的对比了一下 只是页面和瓶上都写的是750ml 实际就是700ml
0,刚买到，就降价，找了客服不补差价也就算了，还左拖右拖就是不解决，说鉴于你是钻石?客户特申请差价补，这都多久了，也没收到传说的差价补，问一个要走流程，换一个说法又变了，反反复复，京东商城真是越来越LAJI
1,便宜，没的说，4k多，比thinkpad便宜的多，虽然比神州之类的要贵，不过一分钱一分货嘛，质量还是过得去的，对于穷人、吝啬老板来说，是不错的选择。
0,我就搞不懂了 为什么这个会那么脏 ？到处都是划痕 ，瓶子还都是土 ，我想请问是扔掉又捡回来的吗？差评！又不是便宜货
1,环境很好，地点很方便，服务也很好，下回还会住的！
1,京东办事效率很高，速度很快，头天下午的订单，第二天就收到货了
1,苹果味道还不错，大小也合适，比超市的便宜多了
0,房间的确很小；设施有些陈旧；服务一般；环境一般（在胡同里，交通不是很方便，不过附近有个地铁站）；卫生不错，蛮干净的。
0,说送皮带我没收到。骗人的，不诚信。
0,第一次在京东评价，失望，洗了头发痒，头皮屑多的死。。。
1,东西到是挺实惠的，就是打开包装一看就是这个样子了，漏的哪里都是！
1,我一直都很爱喝蒙牛的纯牛奶 一直，很爱
1,很脆很甜，第一次在京东买生鲜，感觉不错～以后可以继续～
1,纯棉白色半袖，简洁，干净，纯棉的，穿起来很舒服，很实用，也很百搭。
0,中号的这幺小 晕!这是我见过吃过的最小的火龙果了 失望
0,说是搞活动人多，可就看码包装都能搞错，态度不好呀！
0,不要买了。以后不敢来了
0,机器用了两天变弯了，会不会越来越弯？？？
1,环境非常的好，绿化面积非常的大，服务也挺周到的，可能是新推出的经济型房间的原因，房价非常的小，但是性格比还是挺不错的。
1,画面清晰，音质好，不卡顿。值得入手
0,不评价，大家看吧。昨天买的手机，开机拍照摄像就这种情况，我要换货京东客服让我找厂家检测，不是瞎子都能看出手机有问题，现在看来，京东所谓七天无条件退货全是扯淡。下面那张正常图片是别的手机拍的。其余两张都是华为X2拍的。
1,但是书的封面，是否可以斯文一些？呵呵。
0,钢琴漆，整个一指纹收集器。 比想象中重。 右侧两个USB接口，我的无线鼠的收发器拔插很难，左边就很顺畅。估计是右边两个太紧了。
0,太小了，后悔了，想换一个，屏幕小，看着不好。
0,第一次买的很好，第二次买的六个坏了一个，能索赔么？毕竟一个都五块多啊！不便宜！
1,裤子收到啦，质量不错，穿着合适，卖家服务态度不错，值得推荐。
0,好小 ！一开开以为挺大 但仔细一看 每个苹果用两层兜包着 我买的不是75mm的吗 随便量了一个 55mm都没有！
0,"第三天就坏了.因为出差我在第15天(27号)拿到宏基维修中心检测报告后.当天发货上海京东.到今7月1.已过去5天.没有一点信息.我每天都花很长时间打电话给客服.得到的只是""我们会帮你催一下"""
1,看了一段时间，翻了一些些。掌握一些相关的精髓，就是要积极地面对每一天，报怨是没有用的。反而伤人伤已。。。要改变这样一个不好的习惯，书中提到一个紫手环的做法，不错。其实有时候想的与做的不一样，若有一个外界的督促一下会更好一些。。这本书不是用来读的，是用来实践的，若培养一个成功的习惯，那不是以金钱能衡量的。。。
0,我很少评论，但这个一共就三个火龙果 坏了俩，怎么说？
1,快递很给力，昨天晚上十一点下单，今天中午就到了。宝贝还没使用，但相信京东。
1,好用，感觉比超市买的还好用。柔顺，香，喜欢！
1,足称，只是个头不均匀，大小相差悬殊，最大两个是烂的，申请处理了。
0,酒店根本没有装修，屋子里一股霉味。收费的宽带，有的房间还没有。餐厅一他弧度。没有任何值得推荐的地方。强烈建议大家以后不要住这里。
0,我这一颗星给快递小哥，特么是烂的，烂的烂的。。坏了你不知道呀，什么鬼，果断差品一万次
0,用了两天不能充电，返修后又不能通话
1,挺好，都挺新鲜的，只是个头不大。。。。。。。一
0,贴完膜才发现右上角不平，失望，可已经拆开来了，不知道能否退货
0,本来是一颗星都不想给的，明明在搞活动*** 一条，而买是*** 条，商家是店大欺客了……
1,还行，给老婆买的，具体生产日期还没来得及看呢！
1,面料柔软舒适，做工质量不错，版型好，喜欢
0,电源适配器温度较高，触控板不灵敏，左右按键生硬，重量较大（6芯电池，鱼和熊掌不能得兼啊）
1,价格实惠。大品牌值得信赖 送货及时
0,买了不到一周，降了100多，客服服务不回复～～最差的一次购物体验～～～
0,货打开洗发水撒了半瓶都干了，不知道是不是真货密封都不好。
0,此款手机是人家用过的给我发的，收货没有发票，没有手机膜，打电话也不好用，买过那么多次京东产品，都是带发票，凭什么我买那么货都带发票，偏偏手机不带啊？价格低就发次品吗？京东手机垃圾，绝对垃圾，就不能退货了，能退货我早就退了
0,酒店老旧，赶飞机只能将就。
1,苹果收到了！快递给力当天送达！
1,甜中带着点酸，好吃，会继续支持
1,这次买的苹果很好吃，很甜，稍微带点酸。
1,沙宣套装收到了，京东618买的，*实在太超值了。119再凑单减太划算啦。卖家发货快，京东物流更给力。全5星好评！
1,这是物有所值的三星级酒店	设施齐全包括洗浴间小毛巾/吹风机等	房屋装修新.服务态度好如前台微笑服务好.位于市中心但是临街道而喧闹	房间隔音效果不好.早餐一般.补充点评 2007年9月4日 ： 房屋价格适中	但是协程预定没有价格优势	该酒店前台价格与协程一样.
0,还以为有炫灯的，哪知道没有，有什么问题直接客服吧，kfmm还是挺有礼貌的
1,新鲜，清甜爽脆，连皮一齐吃亦无问题，非常满意。
1,虽然有些贵，但送货上门，很快很方便
0,苹果太小，在市场上最多*一斤。亏了。
1,包装很好，套盒也比较划算，还没有用，不知道用过效果怎样，用过再来评价
0,太差了，洗完头后头发都梳不顺了，
1,我自己用的可以煮鸡蛋的hp。身边很多朋友都用东芝，耐造、散热好，很多优点。
1,新鲜 好吃 又甜又脆 第三次买了 送货很快 支持京东
0,味道一般吧，不像宣传的那么好
1,性价比很高！同类本本比这款要高出500到1000元呢，所以想买本本的朋友赶快出手！
0,个人觉得这本书很一般，没有别人说的那么好，那么神奇。很多东西都在网上看过，她只不过做了个总结罢了。。
1,商品不错，正待使用，京东自营，值得购买；
1,应该是冒牌货，京东只有自营才可靠
0,这本书令我太失望了，写得一点都不深入，感觉是为自己做广告一样，再也不买国内出的这类书了。
0,脆的，一般般甜，奇怪的是带着一股类似塑胶的味道，不浓也不淡，刮了皮也有，闻不到，吃的出来，难道是被什么污染了？或者用了什么农药？不敢再吃了……作为一个9年京东老用户及plus会员，这次618买的生鲜全部让人不爽
0,保护膜没有，皮套没有，太一般了
0,联想预装软件太多	比较烦躁 玩个魔兽	宽屏人物变形也就忍了	F1键居然不能用	不知道被什么占用了 屏幕有点受不了	打开浏览器白的不得了	看着晕
1,反复买了好几件，不同颜色，和图片介绍一样，纯棉，家居休闲
1,经常使用这个牌子的洗发液，不错，赶上秒杀，值得囤货。
1,真的，相信京东真的挺好的，家里所有的日用全都是在京东买的
0,买的深灰色，以为跟图片颜色相差无几。实际这深灰深得跟黑色傻傻分不清楚。
0,不多说，自己看图。 顺便问候下决定住这家酒店的同事的全家
0,很差 前所未有的差 裤子难看死了
1,味道还行，个也不小，包装挺好，很新鲜的水果
1,穿着舒服，质量可以，还挺便宜的，果断又买一条
1,京东送货很快，苹果收到了，很好吃。
0,东西很烂 所有的好评论 都是刷的 东西烂的跟抹布一样 如果不信的话加我 好友我给你发刷单的截图
1,活动价买的，比较划算。效果还行吧
1,很好啊，今天刚收到货，打开用了一下，挺不错的，支持华为，很好用，
0,此外说实话，京东推荐的平板外套，真的渣渣，边角怎么摔坏的都不知道。
1,书中摄影作品以及文字都向读者呈现另一个完全不同的时空，我想热衷于此苦旅之乐的人们，受得起苦，觉得万分值得的也是这一份精神体验的快乐。我心向往之，然亦有自知之明，若是亲历，则必全然困扰于苦而乐不起来……于是折中为之：安坐于最无奇、踏实、安逸的自己书房，摩挲纸面，边看边叹，叶公之乐……（验证码跳出“无受”二字，颇有意思）
0,3岁的小孩对里面的情节，图片都不怎么感兴趣
0,衣服面料不是很值钱，但也还可以。但是，物流不是能用慢形容的，五天……
0,超薄电池镶嵌不牢，有松动感，另外也不支持彩信，仅预留了5个下载图铃的空间，但郁闷的就是宣传上说可以升级支持彩信，可以说当初买他这也是个促成因素，但找到KF他们说新软件还没过来，晕，另外就是铃声很一般，说的是40和弦，听起来音量太小，开到最大还有破音，也就I BELIEVE听着顺耳了
1,打开箱子就有苹果味，苹果大小可以选择，小孩吃买小的挺合适。
0,我试着卸载了默认安装的杀毒软件后。系统启动有时候进不去windows
0,东西不错，但是包装真不行，有图有真相，漏得像捡垃圾样
1,一次买了三瓶，一家人可以用好几个月了
0,显示屏塑料外壳边缘有损坏，是不是因为无店铺销售，所以提供的是等外品啊！
1,裤子穿上版型特别棒，颜色也非常的评论，而且最主要的是还不退色，这个价钱能买到这么好的裤子真的是特别划算，非常满意的一次购物。
1,这款本本是2140的体形，披的是1000系列的黑色的外衣。就配置和国内行货的价格而言，这款本本达到我的理想价位。有3个USB接口，一个视频转接，一个多功能读卡槽，一个有线网络插孔，麦克风和耳机共用一个插孔。
1,现在用着541发表评论，没有噪音，散热不大，硬件很不错。 不过 八个小时前我还在别人的帮助下 研究怎么装  xp！ 超级麻烦，gost 装不了，只能找了  潘家花园 自动安装成功了，花了 近三个小时等安装完毕，系统提示：你可能是盗版软件的受害者。就像是 朋友在一块高高兴兴的吃火锅，等吃的差不多了，突然服务员说：你们吃的羊肉带有禽流感病毒.......
0,怎么说呢，第一次在京东买生活用品，我 买 的 是 假货！假货！假货！ 太可恶了，根本就不是清扬！我还是在3.15打假前一天买的，尽然还能买到假货，京东你也太猖狂了吧？？？？？？以后再不不买了，也不让家人买了～当我以前没用过清扬啊！！！消费者，慎重啊～不能只看好的评论！！！！！！！！
1,没有辜负我的期望还以为这么便宜不是正品 实物跟图一模一样 里边有五小瓶短途旅游是很方便的 另外保质期也不用担心到2020年三月多呢
0,卖家服务态度没的说，只能说太牛了，一颗星都不想给，裤子和图片有区别，不是南极人的，还没物流也牛?，
1,我是6月5-6日住的，主楼园景双人房，对酒店非常满意，设施还算新，房间够大，布置也不错，大堂够气派，服务也好，酒店外就是白鹭洲风景区，一出酒店就是湖，非常舒服，而且地段也不错，10元就能到中山路，送的自助早餐不错。如果下次去厦门，我也会再住这里的。
0,所以蒙牛不生产劣质牛奶，他们只是黑心奶牛的搬运工
0,垃圾的平板电脑，正在看视频两分钟就黑屏了！系统有很严重的问题阿！
0,从来没花500块住这样的房间..........1.朝着轻轨	不能睡懒觉2.隔音不好.楼上还是哪里似乎有舞厅	很吵闹3.床很硬	很硬4.房间很小最让人受不了的是	5月的上海	天那么热	发现没有冷气	电话问服务	答曰:对不起我们是中央空调	现在还没接到通知开	有需要的话	我请服务员送个电风扇给你......我没接受她的建议	于是一夜闷热.....非常不满意这家酒店
0,第一次在京东买日用品，第一次遇到这样的情况，同事说不是应该有封条把盖子贴住，我的不仅没有，瓶盖几乎已经脱落
1,宝贝真的太好了，很喜欢，颜色很正，刚开始担心有色差，收到宝贝之后真的太喜欢了，给在专卖店卖的一样，以后裤子就来你家了！重要的事说三遍，好评好评好评……
1,宽带上网速度挺快，酒店一楼的烧烤不错。酒店整体性价比可以，去酒吧一条街打车10元
0,啥也不想说了，懒得退货。客服说修补费给 ，大哥，北京你去给我找一个去？
0,苹果好多表面很好，内部都发黑发黄了。
0,订单1444309157 到货就烂了。京东送货说不允许退货。 所以，最近的订单一律差评，不解释。
1,在广州这个地方能够用此价格入住这种一站式的酒店，实在很划得来。问题是这酒店地形比较难打车和饮食方面比较差，唯一的中餐厅也要1130才开始，连早餐也没有，因为广州市是以点心出名嘛！房间方面还算不错，虽然稍微旧一点，但是地板却很有在家的感觉，蛮舒服的！而且着你的服务员也还不错，虽然手脚做事比较慢但胜在贴心服务和诚恳。
1,服务很好，房间也很明亮，性价比还算不错。
0,裤子不是一般的难看 真的一星都不想给 50块钱的裤子都比这条裤子好
1,还没用 我掉头发 希望这款可以帮到我
1,系统很好装，LED屏是不错，就是16比9的比例看起来比较长，是14.0的屏。外观比较酷，适合年轻人，键盘模仿SONY的，还不错。
0,今天快接近中午的下的单，晚上我妹妹收到货了，好了，立马掉价*块，这是坑我们消费者呢？有图为证！请给个说法，这一天时间都不到！
0,2009.03.08订的货，03.17才收到。不是很快呀。
0,同样大小号的裤子，要比其他裤子小很多，穿不上
1,这款手机确实够靓，人见人爱，耗电也还行，每次可以坚持四五天。
1,还没吃呢，不过包装很好，感觉还不错，价格也实惠
0,一本一本慢慢的看，原以来书的封面有问题而已，最后发现书内容装订都有问题。希望以后不要收到类似这样的书了，害得我都不想在这儿购买，唉！刚刚又订了一些书，希望不要再会出现这些问题。。
0,没什么感觉，只是觉得图片还蛮好玩的！至于英文方面，反正对我而言，不会想用这本书提高什么英语水平就对了。
1,很安静	但隔音不好	早上旅客退房很吵.房间设施有些陈旧.但如果是平日入住	性价比还算合理.韶关有很多酒店	携程提供的太少
1,2K屏幕显示可以的，给女朋友买的。她说打王者荣耀看电视很爽
1,Midea/美的 F50-15WA1 电热水器 50升 热水器 电 储水式洗澡淋浴
1,应该是正品的，之前也买过的，比较信赖的！挺好的，服务周到，快递给力！赞一个！
1,衣服很合适买了好几年了，每年夏天十几件，信得过
1,看着还可以，买了两条，一条还没有穿，一条洗完后大腿外侧有磨损，感觉这个裤子不耐磨。
0,伤不起的蒙牛···伤不起的2月···
0,快递太慢了，到了都没电话，害的我到处找
1,很好 很新鲜 妈妈爸爸哥哥都很喜欢 高兴哈
1,穿上很舒服的，质量不错是正品，老板发货很快的，没有色差，好评。
1,携款平板电脑便宜又好看，内存也够用了，看看电视，聊聊微信，玩玩小游戏之类的够了
1,很多人提过左边手托位置很热，的确是。声音不怎么样。外音效果没法听!
0,已经不想再说什么了，唯一入住原因是离机场近，赶飞机方便...房间设施老旧也无所谓了，但是有很难闻的味道，洗手间毛巾浴巾目测大概有10岁了？！挂浴巾的架子上面锈迹斑斑，廊灯是坏的，被子很潮。下次还是不要再住了。
0,在京东买很多次东西，唯独这一次很令人失望。用之后头皮屑严重，很痒。
0,1. 所谓的智能学习，就是偷取隐私。2. 后台强制自动升级版本。
1,修身，款型好，穿着舒适，喜欢！
0,全是灰尘！！并且没有生产日期！请解释
0,苹果比之前吃过的烟台苹果差多了，不知道什么原因
0,真的不怎么样，特别的小，而且不新鲜，跟之前买的几批完全不一样，有点失望
1,性价比不用说了，4455买的，配置也比较正常些，工作娱乐看电影玩些弱3D游戏都OK。键盘是个亮点，击键幅度小，没什么声音，打字手感不错。不过那键盘容易进灰，所以建议宏友们都去买个键盘膜，现在已经有4736G专用的。
1,很小巧	很好看	很适合在校的女学生用啊~还没买手机的人买这款是个非常好的选择啊~!!!!!
1,手机好用，就是没送手机膜
1,房间干净舒适，是出差、旅游度假的理想之选。服务业很不错。
0,房间地毯还有沙发都很脏	床的弹簧都要出来了	很不舒服	以后不会再住了
0,京东号进入黑名单各种优惠无法参与，客服各种忽悠，京东服务越来越差
0,内存小，开机风扇声音大。预装的linux系统一时还找不到用户名和密码。
0,用了半个多月，头发第二天就痒了，可能是不适合我吧，而且起了好多头皮屑！多的都往下掉！很失望
0,一星也不想给，快递等了快十天了才到，到了以后看了看，质量超差，差差差差差差
1,满意的一次购物，京东的东西确实挺便宜的，质量也可以的，儿子非要买，原来的本让小偷给偷走了，值得购买
1,很脆很甜，这个甜是有点太甜了，不是一般的甜，总体来说是非常好吃的苹果！
0,不好！真心不咋地！就是比 ipad轻了很多，比较方便携带，拍照自动聚焦功能很差，拍摄时间很长，如果是买来拍照用的真心不推荐、最可气的是，说是 64GB，实际上才52GB，我知道每个硬盘可能都达不到标准，但是差了12个G就太说不过去了吧？再加上这次软件，基本能用的也就50G！
0,太过简单了。USB安置之类就不说了。偶发现靠近光驱的也就是右边键盘很软，一压明显下凹，左边的键盘很结实。右边最后一排键盘的缝比其他的多要大，可以看到透到下面的小小洞
0,妈的，老子要750毫升它给我送了五百毫升。没长眼睛一样。
0,酸不说，关键咬不动，只好放垃圾桶了。
0,先是电话不响，修好了，后是空调声音实在太响，前台说其他房间基本上差不多，只好关掉方能睡觉，凌晨不到5点，一个女人边敲隔壁门边大喊＂海林，起来了＂把我们叫醒，刚想再睡一会儿，不到6点，又是敲门边大喊＂海林，快起来＂，我们只好在宾馆MORNlNG CALL之前起床。
1,买几次了，非常好吃又实惠，省得去超市背苹果回家吃了哦。
0,客服让我很无语！智商高的人能看的懂截图
0,很小，一个个的不新鲜。一分钱一分货。
1,很好，大牌子，值得信赖，物有所值，赞赞赞赞
1,酒店是国航酒店	入住可以累计国航里程.这点比较好.早晨种类很多	推荐入住
0,反复装了2次VISTA，用OEM  U版，不能激活！提醒其他买家，除非刷BIOS，导入SLIC证书，否则其他激活方法，都不用试了！最后装的XP！
1,不错，华为的平板电脑就好用
1,酒店位置不错，作为一家准四星级的酒店，大堂比较小；房间设施虽然有点旧，但是很干净，服务很好；早餐还可以就是价格高！总的来说还是可以推荐的
0,我定了六本书，却只来了五本，唯独少了这一本《二十几岁，决定女人的一生》。而且寄送书的纸箱子被撕扯的四分五裂之后，有用宽胶带黏在一起，难道是配好货物之后发现不对又扯开再黏好？？？？？？
0,红柚大开箱一看是坏的，不能吃啊，
0,位置比较偏僻，房间隔音效果很差，隔壁房间说话都能听清！
1,第一次买平板电脑，还是挺满意的，本身我手机用的也是华为，觉着华为好用特意买个平板给女儿学习用希望也能喜欢，京东快递也确实快，包装也很好，给一百个?
1,质量不错 穿着很舒服 大小很合适 款式很不错 和卖家描述的一样 服务态度很好
0,不好，用了一个月不到就开始卡，电一下子就用完了，手机待机时间不长，充电好慢，几百块钱的东西就这样
1,苹果很小，味道还行。价格贵了不少！
1,不错，音质确实可以，运行也比较流畅
0,我主在709房间，该房间空调声音巨大(门外都可以听到)，浴缸没有防滑垫，浴缸水龙头把手轻轻一碰便会整个脱落，房间没有灯光总控制。电话竟然是坏的，没有声音。饭店入口很难找，前台不但小，而且一片混乱。
1,东西不错，送的很快，包装也没什么问题，很好。
0,说了送的东西都没送，京东推华为，华为推京东
1,XP的安装很方便，比以前买的一款华硕的方便多了，上次在网上找了好久！
1,客服态度很好噢，东西到货后，联系了美的安装客服，态度也很OK。现在还没用，后续追加评价。
1,特意用了才来评价的。嗯，很柔顺，很干净洗完头发，而且味道也好清新，真不错。
1,01年间的酒店现在设施还很新啊。位置不错，离广场周边购物都近。携程提供的离机场距离不对，应该至少20公里以上。
1,最近受几位老年大学学友的委托，又购买了几本《数码单反摄影轻松入门》和《RAW完全解析》，确实很不错！
1,好好好，特别感谢快递小哥，谢谢您的不辞劳苦！
0,像素太差了 触摸感也很差 触摸反应好迟钝 音效也不满意
1,酒店交通方便，环境也不错，正好是我们办事地点的旁边，感觉性价比还可以，以后还会考虑入住该酒店。
1,618大促，京东超市对折销售，老妈正好洗发水没了，买了一套超级划算，包装和服务也很好。
0,太小，没法穿，儿子穿都小，
0,那个发膜是用了给我的吗？ 根本就不是新的 这活动期间买跟不活动一个价，物流还慢
0,骗子，看见图片上有发膜才买的，结果收到了没有，就有护发素和洗发水，联系客服还说是不是送快递的还没送来，你说能吗，你们发错了就是发错了，跟快递什么关系，一点不负责任。
1,还不错，这个价格比我在外面买的划算，以后还会经常来，个头不是很大，还可以吧
1,尺码合适，。穿上很舒服，很满意，质量不错。
1,没有以前春节回家买的好了，但是买了6盒，苹果都很红很特别很甜，水分也很充足，大小较为均匀。    这次买的一盒，跟山东红富士外观几乎看不出差异了，不知什么原因，反正没有不红彤彤了，大小差异有较大的。    倒是没有坏的，苹果的方便之处就是不放冰箱也能保持7天左右的新鲜。
1,给爸爸买的，外观无瑕疵。先用着看
1,套装礼盒更划算！而且也很好用！
1,样式不错，穿上很舒服，大小合适，这个价格买到很划算~~
1,因为是油性发质，所以一直很想买一款去油的洗发水。以前没有买过这种洗发水。也不知道这款洗发水怎么样？看商品包装像是真的！物流也很快，大热的天中午快十二点的时候快递小哥顶着大太阳送货过来。洗发水闻起来很香。配送过来的发膜更是非常香，希望是正品。用过再来追评。
1,很好很好很好很好很好很好很好很好很好很好很好很好很好很好很好很好很好很好很好很好很好很好很好很好很好很好很好很好很好很好很好很好很好很好很好很好很好很好很好很好很好很好
0,垃圾衣服，穿了两天外表面就有坏的了。
1,物流速度快，质量还不错
1,华为的机子还是不错的 好评
0,第一次入住，感觉很差。宾馆服务人员的态度不好，强烈的不满！怎么评上五星的？退房时头一次碰到要在两个柜台间来回的折腾才能退房的酒店！这是我第一次入住，也将是最后一次！拜拜了！
0,房间挺大，有班车，但是虫子好多，已经是冬天了，还有虫子，还有蟑螂…
0,环境和设施都不好	提前预订的不靠铁轨的房间没给保留	整晚的火车汽笛声影响了睡眠
0,我看到东西的时候，心情是复杂的，竟然就一个塑料包装其他什么保护也没有，而且其中一瓶的瓶口有少许的裂痕里面流出来一点，什么时候京东的东西也这么让人不省心了，要不是单位同事帮忙代领的我当时就因该拒收
0,首先受到携程的误导	以为是四星级的酒店	没想到是四星级里面的无星级(或被他们自称的2星级)的客房	如果提前标明肯定不会预定这个房间.住进去之后发现先是枕套是发霉的	投诉后	服务员说不是发霉	只是没洗干净!!!!!!岂有此理!不过还是给换了.接着是毛巾叠起来在里面的一面居然有大块的黄斑?!恶心!第二天早上居然要收?
1,出行非常方便，离地铁很近，酒店后面就有酒吧一条街，房间还不错没有想象中小，被子超软，很舒服！以后我还会住这里！
0,苹果小 而且还有虫洞 第一次在京东上买水果 有点失望 看到那么多销量才决定要买的 卖家不应该要负起责任嘛 销量是假的吧
1,正品超好用的，而且秒杀买的，超划算的！非常喜欢，通话版的超实用，不受限，真的太高兴了！京东的速度也就不多说了，一直是超快的??
1,给家人买的，用着还不错
1,京东正品，非常喜欢，很好用，又便宜，送货速度快 ，不用自提 太给力了。京东正品，非常喜欢，很好用，又便宜，送货速度快 ，不用自提 太给力了。京东正品，非常喜欢，很好用，又便宜，送货速度快 ，不用自提 太给力了。
1,苹果不错！购买过2次了，好吃！不错！
1,套装，价格便宜，京东超市活动给力啊?
0,垃圾中捡出来卖的垃圾
0,如果你的手机是mate8	 千万别买M3的平板，因为微信在M3上会认为你的密码有被盗的嫌疑，然后把你自动踢出来。也就是说，这款平板上不了微信。我去了定点维修的，他们也没办法。京东给我换了一台还是一样的问题。
0,妥妥的差评，看你介绍的和发来的是一种吗？ 大街上甩卖的都这样吧？
0,运行速度有点慢，免费的杀毒软件只能用90天，给了两张DVD盘，“鸡肋”没有光驱，如用还得用外置光驱，或合成USB驱动。麻烦。
1,我觉得这个裤子非常不错，我个人觉得很好看，期待与你们的下次合作，希望商家生意越做越大。
0,房间里弥漫着湿霉的气味，是那种经年已久的感觉，虽然是无窗户的房间但也不应至于此吧； 房间隔音效果非常差，隔壁房间的男女不干正事，絮絮叨叨聊了一夜
0,酒店老化	房间装修差	服务过于生硬	中午退房时间过不到两小时收取半日房费，而其它酒店基本从人性化考虑，不收此项费用．
0,跟洗发水没关系，问题是权志龙代言的，要不是开了盖才发现，早就退货了，抵制韩国，韩国明星
1,特意用了好多天才来评价，待机时间很长，我买来看电视用的，很满意
1,裤子收到了，物流太慢了，裤子还好
0,四星是给客服的。一同买的几箱果品，这个最差：个小不算还大小不一，生熟也不一（看图中的泛青色便知），而且品种也不一样。切了个上下还带青的，只尝了口便直接扔垃圾桶。不知自营团队究竟是如何产地直采的。说实话，就这个品质，随便街边小摊的烟台苹果都比这个强得多。所以这个苹果一星都不想给。
1,很好．非常干净．是新装修的．服务不错．早餐也很好．对了，被子很厚但非常松软．哈哈满意
0,不满意差劲，58元买几个腐烂的，不得好死的，上面3个大的，下面几个小的涩死了
0,不知道是不是CPU的频率高的缘故，还是散热不好，感觉键盘左半边还有左手掌托处很热，CPU待机都有57度硬盘47度，比F8系列的CPU待机47硬盘39显卡47差很多。还有就是内存太少，需要自己再加一条。
0,不能晒图哦！不知道有没有穿5次，每天坐就这样了！
0,都坏了，强烈不满，要不是后来我给家里打电话，都不知道，根本都不能吃，都坏了！投诉！
1,机子相当薄，也不重，带出去很在面子！机身为白色，而且可以随光照变化。握在手里，很轻很好看！单手可以打开手机，而且十分流畅，做工应该很好！颜色不错，分辨率达到128*160，字体清晰，画面鲜艳！
0,机子暂时用着还好，感觉不像新机子，京东的物流很牛逼啊，千把的东西直接用纸箱装装，妈的连个保护措施都没有？？？这么牛逼，你怎么不上天的？
0,看了评论才买的	 结果发现不是那么的好	不太喜欢这种风格	儿子也不喜欢看	也许女孩子会喜欢这种书吧?
0,喊抵制日货的傻逼们你们今天的蒙牛喝了吗
0,几天前买的时候说是有赠品，到货没有，投诉后，说没有赠品了，然后，看了下今天网上还在拿赠品诱惑消费者，这不是虚假信息遇到消费者嘛？？？如果你没有赠品库存，请今天的网上信息准确！！！
0,过时的衣服，还是扔了吧。
0,没有收到，也没有退钱 差差差
1,快递不错挺快的，裤子拿到手马上就让男票是穿了，不错不错，挺好看的摸着手感也很好???么么哒
1,比较朴实的一家酒店～～～还是上海衡山管理旗下，有些亲切感
0,携程的工作人员号称是按4星标准建，就非常放心的预订了，结果让人大跌眼镜。房间很小，卫生间设施一塌糊涂，热水龙头和下水都是坏的，叫来工作人员修了半天。房间设施完全不是想象中的4星，充其量2星最多。check out的查房也是一阵苦等。服务态度也只是一般，让door boy叫车，结果还是要自己拎着包走去街边等。第二天就换了皇冠假日，天壤之别！不推荐住此家
0,喝蒙牛长大的某些国人辛酸、丑陋，五味杂陈
0,太差了，跟图片上一点都不同
0,当当虽然很便宜，原价是23.80.我买回是10块多，但里面很多页是漏印的，请当当网还是那个中国社会科学出版社检讨。
0,不满意，明明买加绒的，发的却不是。
1,多次在京东买苹果了 味道好吃 关键是送货快
1,HPmini110mi快出来了，降价是对的，而我们不过提前了几天享受MAC LEOPARD　１０.５
0,还敢不敢在京东买东西了？相同的货品一个不到降40？这不是抢钱吗？感觉特不爽。
1,包装完美，无损坏的，真的不错哦！
1,包装完好，东西也不错，很喜欢这香味香
1,裤子质量，手感什么的都非常好，穿着很舒适，物超所值，下次还想来这买
1,春节期间酒店比平时折扣更多！非常不错！已经第三次入住了！补充点评 2008年3月3日 ： 我是春节期间入住，目前的价格又回复到285了，春节期间是258	含早哦
0,一般不评论商品但用完头痒的受不了只能差评一波！
0,蒙牛卖给了中粮，国进民退？可悲
0,太丑了和图片完全不一样，第一眼怎么看都是工作服。笑死人了，
1,我在南宁最喜欢住的酒店	虽然说老了点	但软环境还可以	离机场大巴近	早餐和自助晚餐都还不错.
1,两层纸盒包装的快递，不错不错，一打开就闻到香香的，
0,其实是蒙牛的管理层一直不愿意直面自己的问题，他们真的天真以为问题出在包装上吗？其实他们不笨，所以，是他们没有解决问题的勇气，既然这样，我们也就只好继续不喝他的奶 我是不敢买蒙牛 继续远离、抵制蒙牛，这种垃圾企业不值得关注
0,为什么发给我的萍果这么差？？非常失望…无语…
1,挺好的，速度挺快，也挺好看，物流很快，上午下单，下午到
1,东西还不错嘛，比想象中的要好很多，看着男朋友穿着都想要跟他买情侣款，质量不错，洗了不掉色，关键穿上很有feel	稀饭的宝宝可以为男票选购一件喔。
0,苹果不好实在太差下次斤东再也不买东西斤东让我失望退顶
1,送货快。另外配置都是和说明一样的。这里就不说了。大家自己看。 需要提的是，送了Vista的basic安装盘。不过没用，准备换XP。
1,看着不错，还没用一直都相信京东的，发货快态度好?
0,苹果收到。有21个，包装蛮好的。听说是十斤，有吗？商家请问有八斤吗？并且有12个是烂的。物流也是够快的，**买水果三四天，你们听说是多快好省也只用四天。
0,1499刚刚买了到货半天，京东就11.11降价100.说好的1-12天天双11的呢
0,买的裤子太大了38码，快递不给力感觉裤子像穿过得，做工粗糙，角缝不齐，上当了
1,总的来说这个价位的平板已经够好了 真搞不懂为什么那么多喷子（当然不含有个别真的，一个产品总会有次品这是不可避免的嘛）而有些喷子的评论真是搞笑，误导消费者！
1,在<魔鬼出没的世界>之前.标题好象显示不出来.
1,裤子很舒服，版型也挺好看，很好搭配衣服，穿着很好看，料子很舒服，买的挺宽松，物流也挺快，东西不错。
0,完全没有电视剧好看 只看了三页 文字就绕嘴的读不下去了
0,已经买了好几次了！比超市便宜很多！
1,刚到货，就让我更新了两次系统，没有配耳机?，更新了17个软件，挺坑的，不过机子本身，还是不错的，反应也还可以，音质，屏幕分辨率达到我的要求了，不错。价格在这摆着呢。
1,不错不错！这次尝尝甘肃的苹果啥味儿！
0,这幺小，红心大果？吹牛不打草稿。京东别进这供应商的货了
0,水果真不能在京东买，买了好几样，没一样好吃的
1,物流速度快，服务态度好，给好评
1,味道不错！挺甜的！很脆！新鲜！
1,东西感觉还可以，就是申通快递真的无语了，到店都签了到两天了，居然还没有一个电话或短信。下午五点过费心费力网上查到电话打过去，竟然无人工接，然后被挂断。然后又找别的电话号码……
0,你妹的，同个时间下单同个仓库既然送3次，? 东真的没话说
1,很喜欢这款衣服，样子好看穿上帅气又精神， 衣服手感还不错，尺码标准颜色也好，挺合身的衣服不错
1,是正品行货	我花了8元选了圆通快递	效率非常的高	从下单到收货只用了一天	感觉很不错	听说系统很难装就花了50大洋找人装的	现在用起来感觉很不错	速度飞快	还是完美屏的	发票	保修卡什么的都随机收到.感觉京东服务很不错	马上又想买个无线路由器和一个像机	 那位朋友有卷送我一张啊.支持京东.
0,此书质量不好	买回来一看书中出现断页146-179页	本来想马上送人的	结果因一本书还要全部退货	耽误我们的时间
1,1、大品牌，值得信赖。发票保修卡齐全，保修两年， 售后应该有保证。 2、做工不错，屏幕很好，没坏点亮点。 3、体积小，方便携带。 4、自带XP 家庭版系统，内带操作系统恢复盘和驱动光盘。
1,做工很确实非常不错，客服服务也非常好，
0,全是假货 京东现在也卖假货了？？？
0,我只是想说京东的6.18跟其他时间没区别。比*就便宜了那么几毛钱。还*的运费。果断差评。
1,我相信ibm的产品，性能不错，屏幕不错，比原来公司的Dell D610要轻，所以有人说SL400比较重我就不觉得了，办公与普通娱乐够用了。
1,价格不算贵。质量还行。这个价位的质量还差不多。还没有洗过等洗过了看退不退色。到时候再来评价。
1,９８年这家酒店开业时住过，感觉很好，今年去青岛还是选择了住在这里．１０年过去了，虽然硬件略显陈旧但服务水平依旧让我感觉很满意．
1,本本很漂亮，外观不错，配置也不错，但是拿货的时候没注意，在本的下方掉了一小块漆，想着都已经把本本拿走了，估计人家也不会管了，好在不是很明显，总体还OK。
1,满满两瓶，一直在用无患子的，期待生姜的效果。
1,收到感觉不错，用般时间后再追评。
0,买完当天送到是很快，但是，当天就降价，这个速度更加快！还不支持价保，呵呵！
1,很不错，比想象中的要好！
1,130万像素的CMOS摄像头对1800的手机来说可以了，数据交换也很方便，音乐效果较出色
0,七天后就出现音频有问题 咨询售后没回应
1,苹果很新鲜 包装好 味道非常好 送货速度快 非常满意
0,这部手机的电池也太差了，正常打电话半天就没电！我觉得应该是个案，给客服打电话，说让我自己去检测，这个有点说不过去！
0,?款?子只能?Vista，才能?示??卡，如果?XP，??就不被??出?，?句??，只有集成?卡被??，Vista的系?很大，占10多G，整???都很慢，很苦?，?在?盼???快推出XP的?卡??
0,衣服质量一般，里面的绒太假了，根本不像介绍的那样，不满意。不过物流很快，店家的态度不错
0,基本很少泡沫，洗不干净，失望
1,门卡无故被停用，无法开门，要到总台重新办理才能开门，很不方便。希望能改进。
1,正本书是同事让我代买的，她是位国家二级心理咨询师，同时她又是位很称职的妈妈，她女儿刚满4岁，按她的话说这个年龄是接受家庭教育的好时机，她常会买些儿童看的书给孩子阅读。我同事说这本书的内容围是围绕着作者女儿成长的经历写的，其中，作者的做法对家长们在家庭教育上有一定的借鉴作用，一般可阅读到到孩子上学后，还是比较值得购买的。
0,垃圾快递。。居然3天才送到，我地址距离你们服务点就几百米，居然不送货，，垃圾，差评。。。气氛，差评差评
1,插卡，无线网都可以，性价比较高
1,做工不错，穿着舒适，价格公道。
0,这本书分为易中难三部分	涉及的内容广.但不够详细	每单元只有两个对话	一部分生词.货送来时光盘已经裂掉了 不能用 不知道网上能不能找到下载的?
1,大品牌就是不一样，质量非常棒！
0,麻求烦我东西二十多天了没收到。咋倒评价的了，够买咨询了也没有人理，大家购买时请慎重。谁能给个说法？
0,屏幕的长宽比例太奇怪，看了很不爽！ 镜面感太强，还是喜欢亚光的。 分区。。。太晕了！要把所有东西放在C盘！！ 真想不通HP怎么想的。。。
0,网购这么多次，最失败的一次
1,因为是新客房，房间设施方面就还不错，客房服务也非常好，不过酒店服务就差一点，西餐厅的餐点也不太好，早餐还行，地理位置还不错，属于市中心的位置，只是停车不方便，下次还会考虑入住。
0,1、面板有蓝牙按钮，实际上没有配置 2、随机没有附带系统光盘，重装麻烦 3、显卡性能稍弱，玩较大单机游戏会出现跳帧现象 4、发热量控制稍差
1,物流给力，一直用的沙宣品牌，好喜欢？
0,差评，妈的连耳机都毛没有什么都不送。差评
0,太恼火了！发货地址和收货地址都是在成都，我18号买的东西地址都给我送错了，打了几天的客户中心才吧快递给我送过来。物流太慢了慢的简直和乌龟一样，而且东西没有想象那么好，没有之前在超市买的清扬好用
1,房间还算干净，但洗澡绝对不可以2个卫生间一起洗，可能是一间房间只有一个煤气淋浴器的关系。厨房里的厨具说心里话我是不会去用的，可能我有点洁癖吧，吃的东西还是当心点好。微波炉不错，用的着，那些锅具实在是......总体来说如果是朋友多的话，象过集体生活一样，蛮热闹的。
1,太好了，太好了，太好了，划算，划算，质量也很好，到货时间也很快
0,该酒店很差	服务实在无法忍耐	属于老土级酒店	四星级价格	比附近的安阳宾馆和中原宾馆差远了.价格还贵	下次不会住.
1,已经买了好几次了，称得上物美价廉，下次继续购买
1,非常喜欢作者的文笔，从中可以找到两人间的相处之道，不管是交往中的情侣，还是过着婚姻生活的夫妻，大家都要相互迁就，努力学习，我觉得这应该是我们要用一生用心经营的课题了：）它是不分性别，不分年龄，不分人生历练程度的，人生的每段时光，都有我们要了解，深知的哲理！也希望大家能相互分享你自己的感悟，谢谢~
1,第一次买华为，上手感觉好大，用着很爽，看视频，通话都很好。没有发现其他人说的声音小卡机等问题。
0,第一次请评价，劝大家千万不要入住。前台人员业务能力低。携程已经跟酒店确认我入住成功，凌晨12点，到酒店，由于酒店前台人员没有弄清楚，明明已经有预留房间，告诉我，没有房。只能另找房。
1,质量不错，挺喜欢的，性价比很高
0,都从上海回来了，状态还在等待核实入住，说好的返现没兑现
1,是LINUX系统 相当及其恶心 不知道这狗 日 的是什么想法 要强行逼我们使用啊 买了两台电脑 一个事VISTA系统  一个 是 LINUX  就没见一个XP的  网上销售这东西 最重要的是打架尽量不要涉及到售后服务这块 尽量是都搞好了相安无事 其实网上的售后服务比没有售后服务还差劲 我的THINKPAD SL400就是因为换货期间以为是键盘小问题就懒得换了
0,京东的产品描述很多是错的 320g硬盘写的是250  系统vista  1g内存显得很慢
0,东西好不好不说，公司倒是挺牛的。找他解决问题就和我谈公司规定！不知道你们听没听过法律规定和消保法？涉嫌虚假宣传和欺骗消费还那么牛！有本事不要返款给我啊！
0,机子容易发热！然后就是弯的弯的弯的！！！重要的事情说三遍！！强迫症不能忍啊！！能退货
0,垃圾。大家不要买。两个星期就有问题了。草
1,送货及时，产品不错，好满意
1,酒店前台的小姐服务很不错。我订的房间没有，主动给我免费升级到行政楼层。酒店的自助餐很有特色。很不错的一个酒店。
0,整体感觉酒店比较小，从大堂、电梯、走廊、客房到卫生间都比较小，最不能容忍的是那个小坐便，大小便几乎不能同时进行，还有传染性病的危险。客房的壁纸坏的很厉害，停车场房客还收费，感觉不好。建议酒店尽快把那个小坐便换掉，否则真的没人敢入住了。
1,京东快递没得说，就是快，洗发水没有漏瓶的现象，很不错！喜欢京东！
0,入住体验很差，退房时说房间里少了吹风机（入住期间没有用过，不知道有没有吹风机），要求赔偿200元，因为有急事就告诉前台我有入住押金800元，查清楚后再说！到现在酒店也无说法，押金也不退还！差评！
1,我最爱喝蒙牛酸牛奶，天然无害，有助消化哦，乖宝宝都要经常喝酸奶哟
1,今天刚入手的128G的，修长的体型，挺喜欢的，使用了，不卡顿
1,非常非常之好，非常感谢京东，
1,还可以，京东商城买的放心?，去头屑
0,一般订房间不点评黙认好评，今晚好好说说: 1）满头大汗找到车位经过携程网预定来到总台订房见到客服接待直接降到零度以下(以为来到了信访办) 2）苏州大五星酒店也有阁楼房。 3）找房间花了20分钟，建议吴宫改名迷宫。 4）房间设施比拙政园还古董，建议涨价500元房价不适合您的身份。
1,thinkpad系列不用多说，而且还赠送1g内存， 温度控制的非常好，噪音也不大， 光驱转起来挺猛，但能接受
0,用了6年的THINKPAD	一直认为是笔记本中最好的! 现在这台新的让我......哎!!
1,买回来，质量很不错，谢谢热情的卖家，感谢他提供这么好的 裤子，谢谢，五分肯定的
0,看着挺好，期望不能太高，吃着不好吃，还没有我在超市买*一斤的苹果好吃。
1,总体来说还不错，完美屏，配置挺好，加了个2G内存，工作用足够了，外观比较漂亮，塑料感稍重，但这个价钱还可以啦。
1,送货快，分量大，够实惠，之前一直用的蓝瓶的，白瓶首次买，要是可以自由选择混装就更好了
1,这次入手的荣耀畅玩2	猜测中以为此级别的分辨率，屏幕是否会不给力？用后才知这想法是错的！9.6英寸大屏，够大气！屏幕饱和度高，艳丽得令人惊叹！果然如详情描述中所说的，夜间低亮度且不刺眼。最重要的EMUI5.1系统甚是流畅，还可以分屏、录屏……太多好玩的功能尚待摸索…最给力的是那几件赠品，太实用了！唯一美中不足的是，介绍中说赠钢化膜，而实际送的则是高清膜……
1,大品牌，味道好，比超市便宜，送货快，一直在买！
0,酒店根本没有自己的停车场，服务员态度太差，携程太不给力了，连着两年在携程订酒店没一次符合条件的，根本谈不上满意
1,这次一口气就买了两箱，苹果大小一样，很脆很甜。光看颜色就很诱人。儿子也说好吃。
1,潘婷的乳液款不知用了多少瓶了，一直很喜欢这个味道，还有洗完柔顺的感觉。物流小哥棒棒哒！
0,没一个好的都坏了 真心服气！街上捡的差不多
0,不怎么样，有一件瓶子还漏，真不知道怎么包装的，一星给物流
0,总体印象：不好。暖气说要晚上十二点来，结果一直都没有，有欺骗嫌疑，由于第二天着急走，就没有去跟酒店理论了。
1,和橙子一起买的还没吃 橙子都不错 苹果也不会差 吃过在追评 哈哈
0,这书没啥意思啊，整一弱智看的小人书，当当的送货速度太慢啦一个月才收到，服务态度有极差，发邮件过去，回都不回后悔啦```还有那个什么购物券好像也没用！
0,京东配送越来越差劲，三天才收到货，里面东西也没包装，就那么散着放盒子里
1,书的质量很好，很有趣味性，女儿2岁半，超喜欢，每天下班回家她都要拉着我，要贴贴纸。画面很温馨，随意又生动有趣的绘画风格大人孩子看了都喜欢而且用于题目的语言表述一下子让孩子响应起来，每次我读完题目，“让我们把...贴上吧”！女儿都大声的回答“好啊”然后就认真的寻找目标啦！虽然会贴的歪歪扭扭，但玩的很开心，一副很有成就感的样子！非常棒！！
0,有一小瓶渗漏出来，不开心
1,东西不错，物流很快，刚收到还没来的及用
1,一直穿的牌子 值得拥有 不错不错
0,破玩意，刚买完就降价，保价还不好使，京东现在真垃圾
0,京东快递越来越不靠谱了，货都没收到，订单显示就完成了！
1,买来用了两个月才来评价，用起来挺顺手，玩游戏看电影一点也不卡，就是屏大容易碎，建议买个意外碎屏险。
0,一分都不想给！拍的是加绒的 发来的却不是 责任在消费者？那么你们发货的时候为什么不提醒一下呢？骗子卖家！
0,衣服质量很不好，像抹布一样，和之前买的一模一样但是差太多了。
0,系统vista需要适应好长时间，没有预装office。所赠送的软件礼包其实不是免费的，诺顿才90天的使用期。机子重了点，厚了点。
0,门帘的地方线都开了我也是醉了，要不是太冷我真想退货再换一个
0,我十分怀疑这个苹果给我发错货了。京东描述的是80毫米的果子，收到的时候看着小小的，没在意。刚又买了一批苹果，山东苹果，也是80毫米的，人家比这个大了不止一圈。
0,没有送VISTA光盘，以后怎么装系统？还有屏幕没有锁扣，感觉不安全！
1,手感不错~但同事都说手机太大，不适合女孩用，但我觉得很好，拿在手上很有个性~~
1,价格合适，而且还有赠品，比在店里买合算
0,慎重购买吧，腰正好了，腿紧得要命，什么玩意
0,推送服务，华为云服务这些软件一点都不想用，却要永远在手机了，
1,很满意的购物，京东货真价实，是老客户了，希望今后继续为消费者提供优质服务。
1,我买这个华为平板电脑呢，真的很好用，嗯，反应又快真的是我理想中想要的这种平板啊，京东，我爱你，呵呵呵，下次还会光顾你哦嗯真的好用的这个电脑，我以前买的一个32级的吗？现在买了一个64级的，真的很好，很好用的
0,用了四天，暂时发现：一是使用时触摸板微热，二是三个usb口都松，松到一动机器鼠标就掉线了。
1,不错，很好，一二三四五六七敏感词十，加油
0,昨天上午11点之前定的单，今天下午才收到，这就是的你们的招牌快递？再说这个赠品，你仔细看图片，条形码是贴上去的，这个贴上去的条形码下面还有一个条形码，可以透过肉眼看得出来，仔细看图片也能看得见，在京东买了6年的东西了，竟然还能遇到这样的问题，以后再也不会在京东 买了！！
0,我们去盐城的时候那里的最低气温只有4度，晚上冷得要死，居然还不开空调，投诉到酒店客房部，得到的答复是现在还没有领导指示需要开暖气，如果冷到话可以多给一床被子，太可怜了。。。
1,物流迅速。衣服质量不错，面料手感好，尺码标准，穿了合身，价格实惠，总体满意，服务态度好，好评
0,只能呵呵哒了，电视太旧，没有电视遥控器！被子潮潮的，像没有干一样！（最近都是晴天的情况下）插座只有电视下面有，床头根本没有！一点四星级的档次都没有，还不如三星的格林豪泰！
0,房间隔音效果极差，深夜如果隔壁客人大声喧哗的话……服务员会去提醒，但仅限于你投诉后
1,非常不错的酒店，房间虽然不大但很精致，落地玻璃墙感觉视线宽阔。酒店服务也很到位，客房服务也很周到。购物、出游交通极为方便。下次去还会选择该酒店。
1,第一次在京东上购买水果，看了好多评价，忐忑的买了7个种类的水果，收到货立马打开（快递员辛苦了！），很惊喜，除了哈密瓜没有发出，其他都很好?，没有什么烂的，坏的！只有两个苹果碰伤一点！图片有，由于家里的苹果还没有吃完，没有试吃！
0,没看过她的讲座，所以买了她的书看看，结果大失所望，真想不到为什么会有那么多人去追捧这本书。太简单，没深度，从另一方面也反映了我们大众对传统经典的陌生。
1,周围环境很好	装修舒适	房间干净隔音不好	隔壁打呼噜就不要想睡觉了服务素质急待提高
0,冲着网页上宣称的送吹风机去的 买之前还专门问了客服 结果收到货的时候就没有吹风机 送货也花了一周 差评差评差评
1,昨晚下单今天下午到，快递员说天气热要现场拆封看坏没有才能让我签收，还没吃，晚点再吃
0,很吵 设施超破就是个招待所 味道很大 早上都是赶飞机的人 前台却只有俩人速
0,真不好，不满意，太大，颜色不一样，穿上去想个傻子，希望大家伙不要上当。
0,建议对心理学感兴趣的还是买专业的书看吧
1,我喜欢喝蒙牛大果粒！有心的人会记住(^.^)
0,差评 ！差评！差评！蜗牛一样的速度 6月18号下单 显示的是隔天到货 结果到22号还没发出来 打京东客服说是618大促 我同时在京东买了6件东西都到了 只有这个最慢 京东你意思是只有这一件商品促销吗？搞笑 差评
0,设施陈旧，服务一般，酒店星级不匹配，其它一般。
0,不太喜欢LED背光，色彩看上去不舒服，还是普通的CCFL好（CCFL 5.6英寸，显示1024 x 600，都比8.9 LED背光的要好）
0,居然网络无法使用，说什么人太多，真心非常无语。洗澡水流小的要命，设施太差。真心不懂携程把他放入同四星的酒店！！！不会再来了
1,裤子收到了不错，质量挺好的款式好看穿上挺洋气。穿上很舒服。满意
1,包装完美，苹果一个都没坏，就是我吃的都是酸酸的，第一次京东买水果还不错
0,裤子真心不是夏天的，发了一条春天穿的给我，太厚了，穿的热死了，差评！
0,这次买的不满意，瓶上都是脏东西，磨的都是痕，感觉像用过一样，洗发水都净出来了，瓶口瓶盖都是洗发水，所以不满意，没在实体店买的好
0,非常纯朴的故事	但包含了主人公坎坷的一生	活着就是痛苦	不得不佩服生命的韧性
1,现在开始在京东买水果，不去逛超市了，省力，快捷，这款9个和75MM的12个差别不大，但价格相6元，个数重量也更少。
0,送的速度实在有点慢，而且来拆开裤子的扣子就掉了，失望懒得换就这样吧
0,唯一的问题是做不了ghost镜像，比较郁闷，懒得用WinPE去弄了，还不如重装省事
0,坏的，根本都不是好的！打开是坏的
0,这也太精致了，也不新鲜，口感一般，不如以前买的，没办法了
0,说几个缺点1 处理器的性能比较低，王者荣耀能最低特效运行，特效稍高就卡了，机子整体性能不行。2 屏幕的光感感应非常迟缓，要等一下才能调整亮度。3 摄像头几乎是摆设。 4虚拟键盘太垃圾了，一点也不好用。5 居然没有护眼模式，用app开护眼模式又不方便。
0,很小，而且浴室毛巾、浴巾很旧还有洞洞，差评
0,周六入住	花费340元	含早餐.整体感觉不象一个三星级酒店	大堂很空荡	有餐厅在里面	感觉不是很好	上电梯在一个拐角处	不是太方便	房间是一进门就见床	不象酒店的房间	就是水还比较好点	下次不会入住
0,很不满意这次，有点欺骗消费者
0,裤子一点都不好，版型又大，客服也不及时处理，还那么贵下次再也不会来这家店买
1,这次的入住，因为用港澳身份证预订登记的，所以安排的楼层高了很多．呵呵．真是区别大呢．而且房间很新，似乎改造过．行李员态度不错．下午茶款式丰富．入住还送了五十元的代金券，这样算下来房间价格是很划算的．如果下午再来会再考虑入住．
1,收到及时，谢谢快递小哥，孩子很高兴
0,外观不错就是电池不怎么给力
1,非常好，合身，物流快，买了三次了
0,全是小果，还坏了几个。大家不要上当了
0,书什么时候才到？定了10天了，还没见货，以前货到付款都没这么久，真是的，收了钱就不紧张了，烦烦烦！！！！！
0,苹果很小。甜但是粉的，不是我喜欢的。
0,黑店	黑店	绝对黑店.黑店	黑店	绝对黑店.黑店	黑店	绝对黑店.
0,感觉没有什么深度。不知道为什么会成为畅销书。
1,房间设施比较旧，餐饮贵，服务不错，没有任何景观。外观比狮林好点
1,是的吧 挺不错的 用用看怎样
0,双十一买的东西，二十多天都没送到，物流商家相互推脱。前前后后处理了那么久。最后无奈退了钱，一次最不爽的网购。
1,衣服收到了，质量不错，料子也好。店家推荐的码数也合适。
1,个个都差不多是220g，新鲜 脆 甜 有苹果香味及果酸味
1,不知道是不是心里作怪，洗了之后感觉头皮屑没那么多了。我是油性且干枯发质。
0,用到现在开始卡顿，左右滑动缓慢，目测二手机无疑。买什么都不要来京东商城买东西，比涛煲还坑！要买的自己想清楚
1,送货极快，商品正使用中，还行吧。
1,不对称的键盘设计让人惊叹，阿尔卡特OT 557将3组功能键设计成了竖行的3列，而不像756那样设计成3行横列，而这样就成就了围绕五向导行键的不对称分布。很有时尚的风格，现在的手机玩的就是心动与个性，阿尔卡特OT557就将两者有机结合了起来。
1,1.待机时间长.有如此优秀大屏幕的手机待机时间如此之长的未见其二.2.软件稳定.尤其是作为手机功能这一块做得很好	极少遇到死机现象	有也是其他周边功能里出现的.3.屏幕大	通话质量好.
1,面料不错 穿上很舒服 大小合适 老公很喜欢
0,风扇较响，担心用了一段时间后会成噪声；游戏不爽，不过没办法；因电池原因，相对较重
0,物流超级不给力！！！！！！自己还要倒贴运费，连客服都没有。
0,不满意，与图片相差不多，太丑了。我都要求退货了，但是这么多天理都没人理。建议各位网友慎买这家货。
0,质量太差了又小又全部不新鲜，各种烂的白点看着都不敢吃
1,还不错，就是旁边在修桥，交通不便。服务还不错，早餐丰富，总体够4星标准。
1,高分屏，运气不错！ 性能还不知道，过几天装个游戏。 外观还可以。
1,因为要去芭洲会展中心，就定了这个酒店，感觉设施比较新，服务挺周到。唯一遗憾的是早餐的时候，有个烤面包机，面包在机器传动带上移动着烤，最后会掉在桌面上，虽然酒店放置了一张纸垫在下面，但总觉得不是太妥当，改进一下会更好。
0,物流速度太慢了	物流速度太慢了	物流速度太慢了	物流速度太慢了	物流速度太慢了	物流速度太慢了	物流速度太慢了	物流速度太慢了	物流速度太慢了	物流速度太慢了	
1,裤子很好，朋友更喜欢，料子很不错，价钱很划算，下次还会来买的，店家服务态度也特别好。
1,苹果还不错，味道也行，只是没有新疆的甜！
1,一直回购这个苹果，在京东上买过别的牌子，但最终喜欢这个潘苹果，有苹果香味，爽脆甜，汁水水，送货快。
1,主要是导航用，挻不错的。
1,包装的很好，为了凑活动一下买了7盒，没有一个坏的，口味是脆甜的，辛苦快递小哥送上6楼
1,不错，挺畅快的，速度很快，这个价位物业所值，就是咋没发票呐
0,看个鬼怪优酷居然看不了而且还下载不了视频插件 垃圾
0,华为真**D恶心，还不如手机，。。。这两年做的稍微好一点，**就开始做死，CPU 内存 是二手的吧，玩个植物大战僵尸都卡成?，。。。这智商税***d的认
0,房间很简陋	应该是招待所的标准.钥匙开的门、没有热水壶、找房间需要绕过好几条小弄堂，已经晕头转向了，还没找到房间。过道很小	很吵.基本没什么隔音设施，里面有人洗澡，过道上可以听的一清二楚。厕所还干净、空调独力的，制热还不错。这个价格和这质量不知道怎么去评。
0,退回去的货 为毛不退我钱
1,花了几个晚上的时间，将《自尊男孩手册》的100个建议全部看完了，真的觉得是非常好的一本书。全书围绕如何提高孩子的自尊自信来展开，分析部分简单明了，但又不失深刻；建议部分围绕孩子的日常学习和生活展开，而且是根据一定的情境来对家长和教师的言行提出要求，具有很强的针对性和可操作性。
1,东西不错，屏幕清晰，速度快，大小合适，看电视，玩游戏都不错，快递师傅很热情，下单送货速度很快
0,将近10年了一直在用潘婷，可这次洗完头发感觉完全不一样，一直以为京东的一定就是真的，看来不一定，贪图便宜，自认倒霉！
0,这次在京东上买的华为畅享6手机，太失望了，质量太差。买回来一直没用，因为卡无法插入回到老家以后才使用，才发现颜色不对有色差。
0,功能不行	容易死机.售后无保障
0,这次是我等的最久最久的京东快递。你慢，需要采购能理解。为什么包装是坏的，苹果是被压的。。一半被压坏。什么鬼玩意
0,要想能打电话，看清楚版本再买，唉。很是无语！
0,号小了，穿不上，懒的退了
0,不是一般的小，不是夸张，也就比鸡蛋大一点
1,快递速度和服务态度好的真是没话说了，很开心这次购物，以后还会再买再买的?，打开就可以闻到苹果香味了?，苹果正常大小，刚好一次吃一个的样子。
0,分辨率不好，屏幕灵敏度不高。快递员不给力，送不到地方，还得自己取。那你说我快递干什么。最重要的还是没给我，快递员就给我摔了一下。真心伤心?！恶心的京东网购！
1,产品质量较好，质地柔软，暖不暖和就另计了。但码数会偏小，买的时候建议买大一号的，免却退换之烦。
1,酒店设备不错，也干净，但离地铁站还是有一段距离，要穿过好几个小商场，没什么路标指示，还是要问一下人。但这样的价钱，性价比算不错了。而且用港币付款，兑成人民币很划算。
0,真的成指纹收集器了，太惨了，擦也擦不光！还有就是插上电源电池如果没拿掉的话就会充电，不知道这样对电池伤害严重哇！华硕真该做个开关好控制电池模式还是直流模式！
0,给的低分，只是因为贴膜，真的别送贴膜还好。当我看着屏幕里的灰尘而束手无策时，唉
1,再次购买，还帮亲戚买了两个小水宝。店家还给了优惠。特别满意。还有客服大雄服务也很好。
0,在JD第一次买到这种货，穿着好不舒服，很扎身 总感觉有刺扎一样！
0,1.底座的橡皮托容易掉落... 2.机身右侧的usb口不知道是供电不足还是我记起的硬件问题，街上鼠标后，鼠标显示有电，但不能正常使用。换左侧usb一切正常 3.笔记本的通用问题了，电源变压器有电大
0,穿了一天就起球球，垃圾扔掉算了
0,自己看吧，第一次买的还好，这次买的不新鲜，都脱水了，不脆，已经提交了售后，看你们怎么处理吧，上次买几袋奶粉，有一袋是破的，买的词汇书也是旧书，我真服了，京东，你用点心吧
1,还可以吧！送给妈妈追剧用的。只是，只是裸机难免心里有些难过。不过我相信咱们华为的质量。
1,物流太快了，包装收到完好无损，沙宣一直在用的，之前在超市买，期待用后效果喽
0,买的时候感觉不错，现在用了几个月电池竟然就不行了，待机一天会少了20%的电
1,不是自己用的，大小应该挺好的
0,不是粉的，是脆的，而且味道太差，不好吃，比起一般的富士都要难吃
0,这次购物整体感觉非常差，不仅个子小，而且坏的多
1,给老人买的，用着不错，孩子游戏也顺畅。
1,宝贝是正品，很喜欢，谢谢卖家提供这么好的产品
1,两瓶750送两瓶100的超划算，给儿子准备的
0,酒店实在差，房间又小又脏，卫生间环境太差，整个酒店有点像马路边上的招待所。
0,个子没有说的那么大，比较小，而且还有好几个碰伤严重的，重量不够。太坑，不值得买，贵了。下次不会再买了。
1,用着挺好，图三是送的。够用一段时间了
1,门童好像不错	其他不记得了晚上睡得还可以
0,心得就是下次买东西不能光看评论
0,货刚刚收到，只打开了一个，全发霉了！有图有真相，其他的还不知道什么质量呢，但摸着软软的，估计也好不了，大家千万别买了！希望京东把好质量关！
0,明明买的两个大果，打开一看一个大一个好小，我真是服了，这样也行，要不就别说大果，卖不起就别卖，还不如说价格高点，质量有保证呢，
0,从武汉发货到随州用了九天，我真的是服！再也不在这里买东西了
1,给爸爸的生日礼物，不错
0,我不轻易给差评，第二次买了算是回头客，但是这次的苹果真的非常失望，不知道是什么杂品种，很酸也很小，形状奇怪，相同果子在水果店肯定很便宜而且我不会选，非常失望。
0,第二次买了，第一次买好好的，这个买的基本上每盒都有坏的
1,价格实惠，质量很好，值得推荐。
0,老饭店布局差是正常的，服务死板 就不正常了，停车外包停了一天150元，坑爹
0,苹果很小，感觉就值*，大家不要在这里买，还是去实体店买吧，这里的苹果一般
1,又脆又甜，总而言之、言而总之，在京东买水果一般情况下放心
1,我是春节来的	总体感觉不错	整个酒店被树林包围着	空气清新	虽然有些旧	但是三星的标准还是有的	这里的服务不错	就是离市区稍远	但是打的还算方便	总台可以叫车	5分钟左右就可以到市区	个人意见同	下次有机会的话还住哪儿.
1,裤子的质量很好，物流很快，颜色正尺码合适值得购买。
0,1、里外屏一体，如果不小心碰坏了外屏，那么呵呵得连里屏一块更换，听说要600元呢，希望我的不要那么倒霉！2、不能下载图片，没有数据线，不支持彩信。3、待机时间有点短，也就2天。
0,买3个一个烂的 2个已经变味， 这商家太没责任心了 起码的检查都省了 又不新鲜 做生意还是要用点心 我们要不然只买一次
0,洗出来头发打柳是为什么？没有姜的味道。怎么回事儿？
1,质量不错，做工精细，料子很好，穿上很舒服，没有色差卖家服务态度很好，我很满意。
1,好评，不错的，价格实惠！！宝宝安心    京东618。，值得信赖！！！购物回到家，省心！！？
1,还可以	促销399	价钱不错.不过酒店躲在新工房后面	确实是一个疮疤
1,顶的双人房，我们下飞机做大巴，然后打的到的，宾馆外面不怎么杨，里面就不错了，冷气足，房间里面也不错，总体感觉不错，对面就是海鲜一条街，哪个吃的爽的，200块2个人吃的来是走不动了哈哈，酒店有班车直接到香港的，不错哦
1,给老公买的。下雨天还没干，还没试穿。
1,几周前看了《高考1977》，当年江浙一带去黑龙江的知青很多，经常听父辈说起，电影中的情节看着便很有些似曾相识。这本黑镜头说的全是去了陕北的北京知青，相对隔膜一些，但同样很受震动。只是有个悲凉的观感：平民家庭的知青大多被打入谷底而永在谷底，精英家庭的知青则大多能说个“天将降大任”的故事……
0,一点都不好，从来没头皮屑，洗完后越来越多，假货。。。。。
1,感谢亲的光临，亲的满意，就是我们最大的欣慰，最大的回报。小店会更加努力做好！小店还有户外活动功能性的手表和手电筒，质量和服务也一样是杠杠滴哦，为您的户外活动保驾护航，为您的户外活动增添一份安全和快乐，定不负您的期待！欢迎您的再次光临！
0,床很硬，设施很一般，服务也不好。
1,宝贝收到了还是蛮喜欢的送给宝宝的礼物爱不释手
1,质量很好 与图片一致 穿起来也很舒服 很喜欢。
1,东西看起来不错，物流也快捷。用一段时间再看。
1,本来忍着DOS系统买的，想到4xxx能买到这个配置也超值了， 没想到一开机竟然自带vista，感觉京东老厚道了呵呵。先用正版vista吧呵呵
1,物美价廉，很划算，质量很好。
1,用到现在没有什么问题 不玩游戏 我用来学习的 还不错的 要960处理器的话 更好的！
0,垃圾中的战斗机，提醒广大消费者切莫购买，已经亲自体验，连4g都带不动，各种水吧，当我们一点常识都没有？还当地网络信号不好，我几个手机放旁边，再仔细看看那个包装，那个所谓的劣质充电器，我都心慌。
0,联系了退货	一个月了	也没人搭理我	郁闷....
0,酒店服务意识很差，餐厅不能签单，说是怕消费的高于预授权。服务生明显没有经过培训。
0,给父母买的，居然有坏的。太不好了。
0,送货速度，削皮发现苹果肉有内有损坏，且苹果太小个了，与超市*一斤的差不多，包装好看了点
1,家庭装，很实惠。晚上下单，第二天上午就送到了。京东快递总是那么给力。试用了一下，味道不错，挺好闻的。好评。
1,裤子穿着很舒服而且显得腿长。洗了一下也没什么褪**况，真的是五星好评！！！物流快卖家服务态度也好评
0,住过的最差的之一１．房间极其闷，在高原本来就缺氧，闷在房间里极易加剧高原反应；２．简陋。窗上的床垫歪了，露出木头的床架；３．洗手间比几十块的招待所更脏，马桶盖子是用铁丝连在一起的，冲水装置需要提起来才能用；４．部分服务员态度恶劣。退房的时候我背了巨大的包，问服务员能不能稍微快点，被白了几眼。　总之，如果不怕死，可以来住。
1,很好的平板手机，适合看视频用。
0,水果放了。与个星期好多坏的。口感一般。不建议够买。价格和水果。不一致。
0,假货，洗了严重脱头发，大家别信了，看图就知道了
1,大小差不多，看着还不错，还没吃！京东的快递小哥服务态度很好，点赞
0,感觉是假的，味道比我之前在超市买的淡多了，颜色也浅些、浓度低些，比较清、泡沫也少、
1,优点： 东西不错，外观设计的好，做工精美，质量可靠，京东的送货速度很快！京东的东西质量还是比较放心的，没有多大问题，包装也不错，发货速度赞一个，基本当天都可以发货。东西刚用上，很不错，比想象中要好。
1,送货快，上午下单，下午就收到了，唯一希望京东改进的就是洗洁精的包装，收到后瓶口的地方有渗漏，其他很好
0,什么玩意，服了京东了！垃圾，
0,明明下单的是中果，却发的小果，上图为证
1,第一次在京东买水果，买了很多水果，不错，挺好吃的，价格稍微有点小贵，不过东西是好的，会继续支持。
1,挺好的 不过我更想买平板米3 可惜没买到
1,苹果新鲜，脆甜可口，家人非常喜欢吃，已经多次购买了！
0,这哪里是手机，简直是暖壶，客服也喜欢推卸责任，承认是手机的问题有这么难吗？硬说是我后台程序多了，第一次知道3个后台程序算多
1,潘苹果很好吃，酸甜脆爽，要放一段时间口感较好，渐渐不会太酸而变甜了，可以连皮吃。下次还要再买。
1,这个套装很划算，好品牌。包装完整。还没有使用，等使用后再追加评论。京东快递速度很快，快递员服务态度很好。
0,从2011年开始各大平台网购，这是第一次在京东买东西，也是六年来第一次买到假货。
1,还没有安装，是正品，安装的时候再来预约。
0,呵呵，头一次用华为，我只想说一句，垃圾，什么垃圾东西，不好意思拿回来还没用就很不爽了
0,如果能有蓝牙的话，就完美了，商务用没蓝牙还是不方便啊，有蓝牙那型号的又带摄像头。另外，我怎么没发现包装箱里有原装的包？大家不是都有的吗？
0,物料太差，包装太差，完全漏出来了已经！
1,订的是双人房	感觉房间有点小	放了两张床之后就没什么空间了	沙发也只有一个单人的.觉得最不好的是洗手间太太太小了 - 好挤	门拉直打开就到浴缸的边了.除了小的问题之外	房间还是很舒服的.自助早餐不错	很丰富	可惜吃不了多少...会所在酒店外面	觉得有点不方便. 有室内游泳池	去游泳还一定要求带游泳帽	最终没下水	 有点郁闷.
0,祝蒙牛早日倒闭，多谢 蒙牛太“牛”了，深陷其中@投资界微博：蒙牛为什么就这么牛？@安琪儿813：蒙牛屡次出问题，不见监管部门处罚，不见蒙牛道歉。广告满天飞。蒙牛为什么就这么牛？
0,淋浴头竟然自己掉了下来，后来修理好了。马桶一直堵。请求修理两次，态度很好，无奈技术不佳，最终没有解决，大便硬是憋着！
1,质量不错，很合身，以后还来。
1,几岁的时候吃过，已经忘了名字，忘了味道，小时候没觉得特别好吃啊，印象深刻的是蒙牛或伊利冰棒有巧克力味的～
0,京东的发货实在太慢了。打包后三天都不发货，催了几次终于发了，订单选的是圆通，京东给我发了中通，5天才到货，另外京东的客服不怎么样，咨询信息要等几个小时才有回复，最烦的就是老是说“请你稍等'。
0,质量很差还没穿就烂了……
1,地理位置相当好，离海港城走路只需五分钟，酒店房间灯光明亮，液晶电视够大，感觉很舒服。惟独酒店大堂小了点。下次我还是选择这酒店。
0,个人建议大家不要买，质量差劲，M码都很大件了，差评
0,买了18个，6个都是坏的，半个月了，说有专业的技术人员会处理，但是一直没有结果。请问什么时候能给个结果呢？
0,一个订单分了5个包裹还不是同一天送来！就是看到送电吹风才买的！电吹风呢？？？电吹风呢？？？电吹风呢？？？！！！！！
0,设施一般，大堂服务没有笑容，其它方面还可以。
0,太差了，充8小时还不满，而且分辨率太差，眼睛疼，又卡，屏幕反应慢，点了半天都不动，没反应，郁闷，白花钱，要买的人好好看看，包装太简洁
0,酒店的设施太差了，估计连1星级都没有，房间空调都不开的，简直就是一塌糊涂。建议大家不要去预订该酒店
0,说了送沐浴露没送，不讲信用！
1,可以每次买这种！每天吃一个吃完又买这个！早上下单寸下午到货！方便快递也好客户
1,一直在用，味道很好，很喜欢，京东商品信得过
1,大小合适，跟图片一样，做工很好，质量不错，和描述相符。卖家服务态度不错
0,知道酒店房间小，但没想到这幺小，转身都困难；知道酒店房间吵，但没想到这么吵，除了自己的呼噜声，什么声音都能听到；知道酒店服务差，但没想到这么差，服务员说话的感觉和吵架没啥区别；总之，相同价格的酒店还有很多，其他同类酒店的设备和服务比汉普顿好的多了，以后实在不会选择这汉普顿了。。。。。。国内的很多招待所的质量估计都要比它好很多。。。。。。
1,11寸比8.9寸的屏幕看着好多了。 体积不是很大，重量稍重，还算方便携带。 改装系统不是特别麻烦，就是硬盘格式化和重新分区浪费了不少时间。 续航能力很强，连续用7个小时都没有问题。 属于上网本主流配置的中高档水平了。 价格比较实惠。
1,很新鲜，个头不大正好一个人吃。
1,一直都是在京东买的，发货速度快，包装也非常好，还有赠品，非常不错！
0,凑，叫的是蓝色，发黑色的过来。这服务真不行
1,滋源，值得购买，感觉使用起来还可以，看看长时间效果了
0,这款手机是货到付款第二天就到了，但我到货后帮忙买了一个是先付款后到货可三天还不见东西。信誉不是很高
0,书中的语句不知道是翻译的问题还是作者表达的问题，让人觉得有点别扭，作者提出的有些观点也不能认同
1,不错偏小 甜 经常买 真的很便宜
0,东西收到， 漏了一大半， 能不能不要这么垃圾， 直接把洗发水丢进去箱子， 连一点泡沫都没有，    垃圾差评
0,质量不稳定，这次明显成色比上次差，快递也换了，比较慢。    不会再买了，失望啊。
1,第一次在京东买水果，很新鲜，发货速度快，很好的购物体验
0,包装实物还可以，但是我和我老婆用完之后头特别痒而且头皮屑特别多，差评，不会再买了
0,来的时候是开的 都漏出来了 黏黏的
0,味道太大了，不敢穿，一分钱一分货，不是B类，贴牌的
0,没有想象的那么好，价格也偏高
0,固发固发 用了居然脱发厉害了 是不是有假货 赔我头发 赔我头发 赔我头发
1,从mate9开始，对华为彻底改观。接着到入手m3	反复挑，荣耀平板等等，上过实体店看，体验，最后才敲定m3。
1,在当当上买了很多书，都懒于评论。但这套书真的很好，3册都非常精彩。我家小一的女儿，认字多，非常喜爱，每天睡前必读。她还告诉我，学校的语文课本中也有相同的文章。我还借给我的同事的女儿，我同事一直头疼她女儿不爱看书，但这套书，她女儿非常喜欢。两周就看完了。建议买。很少写评论，但忍不住为这套书写下。也给别的读者参考下。
0,不要根据某些人的评论买本书.
1,苹果很脆，很甜。包装很好，每个苹果都有一个独立空格放，避免果之间磕碰。
0,衣服完全不符合实物描述！ 下面这些单我在想肯定是刷起来的，还说修身 ？ 这个衣服超级肥大！各位不要被骗了！大家不要被骗了！垃圾衣服只能拿来擦狗窝！
1,因为是晚上入住，没看清整体外貌，不过感觉还行，很幽静，大堂很大，标间宽敞，家具不算很旧但是台面被茶杯烫的一个个白色斑点。卫生间干净热水很大，毛巾很白很干净。离金山风景区和天下第一泉景区很近，很方便。
0,火龙果又小又难吃，感觉以后再也不会来京东买生鲜了。
0,我去完全假的，跟超市买的不一样，洗了满头头屑，头发还不顺滑一坨一坨的
1,昨晚拍的，今早上就送到了，快递员很尽责，送到的时候让打开检查一下，没问题才离开～小苹果都很好，没有破损
0,衣服做工不行，不透气，质量太差
1,功能齐全，性价比很高。用了不到四个月，一点问题都没有！
1,收到裤子有点小惊喜，包装完好，裤型漂亮，穿上显的身材很好，布料也舒服，打算再入手一条。
1,环境舒适、服务细致、价格适中。有独特三项超人之处：一是免费接机，二是有盒装品牌牛奶赠送（不像别的酒店是奶粉冲泡），三市内电话随你拨。从一名普通消费者的角度，我也借此机会谢谢和玺酒店的优质服务，也祝和玺酒店越办越好。
0,快递不到邮谁那去了，打了多少个电话，麻烦死了，没见过这么差的，再也不会来买
0,包装盒破碎，连基本的纸箱都没有。
0,质量太差，京东商品有问题
0,自从用了，头皮屑一大块一大块的，当天洗的 第二天就一大堆头皮屑。肯定是假货
1,用过了 才来评价 儿子一直用清扬 头一次在网上买 结果大跌眼镜 不是一般的不好 那就是假货 用着一点都不好
0,挺不错，颜色很正，老板发货也很快。给个好评
0,跟实体店买的香味不一样，用了以后头发狂掉
1,实物相符，苹果很均匀。包装完好，快递很给力！
0,太差劲了，不好用，用别的都没头屑的，用了这个竟然有头屑，太阳的
0,京东自营的东西14号买的。19号才到 我想问问你们是走着送过来的吗 你怎么不给我明年再到呢
0,不建议购买，质量太差，服务态度不好
1,速度超级快，预计送达23号减了*，没想到22号就送到了！赞赞赞！
0,在携程预定酒店这么多次，遇到的最烂的酒店。住在行政豪华房，早上7点半起来连洗澡的热水也没有。开发票时说没有发票，请携程帮帮忙，不要把这种酒店放在你们网上害人。 谢谢！
0,最大的缺点就是内存太小，好在另外买了根1G的。 驱动光盘只有VISTA的，XP的能在官方网站下载到
1,离剑池、芦花荡、旭光台近，房间干净整洁，管理的不错，床有点软，下次还来。补充点评 2008年8月7日 ： 路边也可停车，走下台阶即到酒店。二楼四间房，一间行政房双阳台大床，三间豪房，其中一间有阳台；三楼两间标房。莫干山山蚊极其凶猛，建议穿防蚊衣裤。上山可走前山，高等级公路，安全但绕远，下山可走后山，山路陡窄，但很近。
1,送货小哥很好，直接送到家里。东西拿到手，看着挺好的
0,操作系统啊   真不好  加一个windows又用不了多少钱？  建议  增加安装系统的服务
0,这包装和苹果，跟我想象中的有很大出入，再怎么说，宏辉果蔬都是一家上市公司，卖这种苹果真是不负责任，打开包装就闻到一股粪味，如何下口。
1,用这个洗发水很长一段时间了，头皮不会痒。以前用海飞丝洗后痒，这个无硅油的的确有效果。只是稍微贵点，但是也很值得。我很少评论这么多字！！！！！！！！！！！
0,拿到的当天给他装xp，折腾n久没搞定，上网查才发现此款驱动比较搞，建议要买此款的买好vista盘先
1,另外说一句，书中的故事也适合给低段儿童朗读
1,不错哈，屏幕大，看小说不错！
0,服务态度不好 屋内环境一般 插座也不能用
0,一买来就挤不出来洗发液，打开看吸管都是坏的，垃圾产品。
0,第二个坏的了 才吃了四个 还剩8个 不知道还有没有坏的
0,太垃圾了，屏幕太小不说，钢化膜根本贴不平，我换了四个钢化膜，我爸说没啥，但是我总感觉恶心。
1,定了高级湖景房，前台给了最高的23层。房间非常舒服，而且早餐也很丰盛。只是看出去的白鹭洲公园景色一般。可能住标准客房更实惠些。
0,要求退货！尺码有问题！竟然比我身上的长十二公分，    或者换货也行……
1,京东618实在太给力了，性价比无敌，比超市不知道便宜了多少，哈哈
1,赶上活动买的 还没用 不过很合适 送货很快 很满意 以后还会再来的 好评 以前没用过 期待中
1,一，房间舒适卫生，且较为宽敞（豪华标间）。二，酒店服务还可以。三，所处地理位置极佳。强烈推荐！
0,大半夜的胃不舒服	纯失眠	我以后都不敢买蒙牛的酸奶了
1,自驾的确是蛮方便的．服务员也都很热情．房间也不错．就是大概是秋冬季节去的，景色萧瑟的很．一出酒店就没什么逛的．还是窝在酒店好．ps：酒店的叫餐服务也蛮周到的．可以点菜单上没有的菜．但是却不能提供一些基本的药品：如退烧药，感冒药．希望周边服务还能加强．
1,拿到手用了一下，挤了一点，就好多泡沫。感觉很好。在用段时间，好用继续买。后续再追评吧
1,洗发水很好用，价格不贵，实惠，值得购买。要是有几种效果混装就更好啦。京东的物流，没得说，就是快。
0,头屑过多，我不适合，下次不买了
1,我们都是某种综合体。之所以给自己贴上A型啊B型啊之类的标签，也只是觉得自己身上那种类型的特质占的比例更重一些而已。而且，不同的时期里不同类型特质的比例或许还会变化。“喂喂，我今年可是打算当一回A型人了啊，请大家注意，按说明书上说的那些来理解我的行为。”或者，到了明年，“呃，那个。最近我身上B型人的特质有所抬头了呢，请大家多给我一些B型人的空间。。。。。。”
0,但是太重了，屏幕效果一般，音?一般，音量?可以。屏幕中????示散?不好，??不如THINKPAD的，16：10屏幕。包?有?破?
0,自带系统很老，如果买回去自己装系统会比较麻烦。驱动比较难找。
0,先不说正不正品，这包装也太差了吧！我妈收的快递，外包装完好无损，但是这大一箱子装着点东西就不能做下保护措施嘛！差评！
0,货不对板，又老又小的苹果，跟广告页面完全不符，大家不要买，别上当了！
0,晕扑，我是要批非常喜欢的，五星呀。。。怎么变成两人个星了。。。倒，还是不能修改的。。。
0,大约因人而异吧，反正不适合我
1,没色差，款式也不错，大小合身合适 穿上很舒服
0,苹果非常差劲，个头小，吃不来不甜，也不脆。
1,宝贝回来速度很快，昨天晚上22:30多买的，今天早上就到了，回来还要有权志龙的签名照，宝贝也很好，是正品
1,前段时间，电信搞活动，机型是UT106，一直对UT的小灵通印象不错，所以有点兴趣，去看了看，机子很漂亮，这是第一印象，于是就买了~~100块钱，预存50块话费，免两年月租，挺划算的。已经用了有半个月了现在我想对它作个评价：1.机身小巧，耐磨。2.手机信号不错。 3.电池待机时间长。 4.支持IP直拨功能。5.支持中英文短信收发和存储(收件箱 100条/发件箱100条/草稿箱 10条) 。
0,这种火龙果还拿来卖…都冻了而且蔫儿了…酸…脏…品相还不好…太失望了…绝不再买
0,太吵了根本睡不着，司机根本找不到，价格又高
0,除了环境比较好，在云龙公园对面，酒店设施太旧了，价格高，性价比低，在这个天气，房间里竟然有好多蚊子，半夜被蚊子打扰几次
0,刚买的。拿到手拆开有这么大的摔痕。联系客服。告诉我申请换货。。也太坑了还敢相信京东。。。
1,入住时酒店的低层部分仍在翻新装修，我住的是已完成装修的高层。房间相当干净、舒适、房间和卫生间的设施看得出来都是高档品牌。周围环境也很好，旁边有万佳百货，出酒店往西（右）步行约20分钟就到了福田区的购物中心华强北路。前台直接预订的话要348元。下次无论是自己去深圳还是朋友去，都会推荐这个酒店！
0,物流慢，而且还发错颜色，表示很不满
1,性价高，发热量大，天冷时可以跑个CPU测试软件来烤手，机器重量控制的也不错。
1,收到了。和卖家描述的一致，颜色没误差，质量也好。摸着手感不错，穿上腰围尺寸很合适，百搭，很喜欢，邮递的包装也很好，快递快啊，真心不错。五分，下次还来你家。
1,房间还可以（我住的是二十一层），但空调不太好--温度不好调节以及噪音不小，淋浴水量也不是很大。另外就是酒店电梯太少了，只有两部可以用。每次都要等好长时间才能等到电梯。下次估计不会再住了
1,就是好用，头发发质也不枯燥了。而且还很优惠，是正品，关键物流快，很喜欢
0,5.22日订货5.27日下午才到等的我花都谢了。ems真是垃圾中的战斗机，服务态度垃圾到极致了。竟然让客户自己去楼下取。还为自己找借口说骑得摩托车，车踢坏了离不开身。我服了。这苹果是不是小了点？以后不来这家店买了老用ems谁能受得了，不至于为了等这个苹果一星期不吃苹果吧？
0,这次被坑了 不是潘苹果，jia货，上次买的是真的好吃，香，翠，这次买的带酸味，吃了一个不想吃第二个，想退货。连潘苹果标签都没有贴，封箱标都没贴，不知道那搞的地摊货。连潘老板的名片都没了。哎！下次不会再买了！退货！
1,我买的这裤子大小刚好，质量好，颜色好看，快递也快，下次还要继续买
0,价格比东苑高，以为高一档次，结果房间小，噪音大，设施简单，后悔啊
0,待机时间不够电话簿搜索比较困难，必须输入汉字才能搜索，不支持拼音首字符快搜，虽然在名字前加上英文字母可以略作改观，但是发短信一般使用中文输入，所以输入法还要换来换去很麻烦
0,好多磕碰，京东的水果真的很一般很一般。
0,超俗的一本书，感觉就像是买菜的、摆地摊的大妈们的思想。难道韩国女人就这样？
0,味道不对，像海飞丝的味道
0,其他的还可以，就是照相太差了，跟几年前的手机都没办法比。
0,大家帮忙看一下这个是正品吗?
1,屏幕大，便于观看！屏幕色彩艳丽，内置主题很漂亮！通讯录容量较大！支持来电防火墙！
0,6个果有2个被压坏了，这一次用这种箱子运输就是不好，压坏了两个，其他的还不知道，真是失望了！
1,很多啊	比如MP3截取做铃声	省了下载的钱.配件全啊.价格便宜.输入法好用	发短信快.照相模式很多	可以照任何场景的照片.照片质量清晰.来电设置还有电话簿功能很人性化.非常精彩!!!
0,很怀疑这个图片是加胖过吗？收到后不过一个巴掌大小！这个价格真心坑！
0,是晚上到上饶的，打电话给酒店问路，态度不好，还总指错路。在上饶绕了好久才找到酒店。入住后发现，房间小且不太干净。厕所马桶很脏。烧水器连个指示灯都没有。下次来肯定不住这儿了。
0,烂到无以复加 超级垃圾
0,太差了骗人的宾馆太差了
0,效果不像想象中那么好。有点后悔
0,花钱买了件烂衣服，拿回来没有看直接就洗了一下，晾衣服的时候发现上面一共有十个小洞！也不知道是哪个好人给老子拿的这件衣服，你出门小心点，小心车！也不给换了！我去年买了个表！
0,本以为京东买东西是正品没想到这么差劲，在这家店买的洗发水简直没法用，第一次洗了没有泡，再洗第二次第三次还是没有泡这不是坑人吗，还说是老牌子简直是冒充的。
0,以前买过一箱很好吃，这次一下了4箱为什么就变样了，买多了就不好吃。为什么会这样。
1,衣服质量不错 款式喜欢，价格也实惠
0,此书一般．没有什么意思．书名部分的内容很少一点．其他都是零散的其他内容．
0,第一次去西宁，通过携程定的房间。我住的一个房间	卫生间的味道非常大	另外前台有个别服务员服务生硬	象是黑脸的包公	位置也较偏，总体来说与四星级的标准差距很大	性价比也不高。不知道携程怎么会把它定为银牌酒店，因为在西宁也没有住过其它酒店。
1,因为孩子的关系，我现在看绘本简直上了瘾。这一套的绘本，我依然很喜欢。《跟上那头熊》，故事刚讲完，孩子就乐呵呵地笑了。一只勇敢的兔子想要捉住一头熊……你知道发生了什么奇妙的故事么？《装在口袋里的吻》对于学龄前的孩子真是太好，非常适合六、七岁的孩子阅读。《五个小怪物》其实是在对孩子诉说大自然的秘密，作者想象力也真是丰富。……其他的几本，大家认真去看~
0,短信没有彩信功能！无法群发短信！还有，电话薄十分不好用，不实用，没有办法分组和自定义！
1,还行。因为是帮朋友订的，没有听说有啥不好的。总体感觉还可以的
1,买了3部X2了，除了一部摔坏，其它用的都满意，新手机用了一段时间，很好，信赖京东。
0,1.USB接口设置不太合理	不过外接一个USB插口就好了  2.鼠标太灵敏	容易勿操作
0,C908用了半年了，总是有点小毛病，现在接不了电话，每回来电话响了铃就关机，接也接不到，开机后电量显示就变少了，打电话到是挺正常的，只是声音小了点
1,这是一家国营的宾馆，感觉一般般！设施比较陈旧！
0,不是烟台富士，口感与地摊货一样，而价格比地摊货高多了，以后不买了。
0,打字的时候，键盘左半边有明显下陷；屏幕两边有漏光；等货的时间有点长，第六天才能自提。
0,刚收到，还没开始使用，用段时间后再作评价
0,伙伴们别上当了，每一个甜的，再也不在京东买水果
0,网上随便看看也就算了	印成书发表实在有点无聊.可笑的是我居然买了.
0,送货速度太慢，衣服质量也不是很好
0,看了觉得没劲，不好笑，觉得这个老外挺古板的，不知道是不是因为文化差异！
0,酒店很干净，房间不错，早餐一般，但是周围环境不好，基本上没有什么可以吃饭的地方。
0,明明要29的，为什么给我33的。真是够够的
1,我一直用的华为，是一款不错的机子，支持国货
0,烂苹果太多，京东第一次让我这么失望
1,好像跟洪崖洞酒店一个公司的，所以房间的风格比较接近，就是小一些，整体来说比较不错，房间内食品都是免费，很实在。就是早餐实在不敢恭维，大堂环境比较差。整体来说不错，属于比较好的三星级酒店。
0,真*会唬人！京东有史以来最*差的一次购物
1,不错哦送货速度很快，物品包装的也很好，继续支持京东
0,质量太差，还没有便宜的布料好
1,物廉价美，值得购买，快递也快
0,一看都知道是存储了很久的，跟超市里的价钱差不多，却一点也不新鲜，大小不均匀
1,618下单的，玩了一个多礼拜了。总体来说这个平板是不错的，比我以前用过的所有安卓类的平板都要好用。硬件配置高，屏幕清晰，系统流畅，续航给力。如果不去玩大型网游的话，这个平板是非常不错的选择。目前为止还没有发现特别不满意的地方，如果有，那就是感觉屏幕看起来很容易碎的样子。建议轻拿轻放，千万不要摔。
1,京东送货就是快，刚刚拆封，还没来的及用呢，给京东所有的员工、所有的商家赞一个???
0,第三次买购买，质量是一次不如一次，第一次每个都很好，第二次里面就有三个不好的，这次基本都是普通苹果，根本不是花牛苹果。再也不来了，真的很失望。
1,外观不错，屏幕很大，看得很舒服，分辨率是1280X800的。屏幕下方确实有华硕LOGO，大家可以方心。室温30度下上上网，CPU、GPU、硬盘的温度大概是50、50、45左右。9650m GT的显卡在笔记本中算很不错了。硬盘是希捷5400.5，单碟250G，性能不错。总体来说，机器性价比是挺不错了。
0,质量太差了，象堆积过旧货，扫兴
1,别人推荐的说是很好用，打算试试
1,京东配送服务先来说，上午的单子，下午送达，很赞的。是正品，味道和之前用的一样，赞。性价比也很高。好评
0,设施陈旧，地毯上油渍污渍一大片一大片的。服务太差，入住时房间有味道，致电前台更换房间，回复说查询一下回复，这一查就再无音讯。这次入住体验太差，下次不会选择。
0,差评，明明当天活动这个送吹风机，等了10天，下单有货，送货无货，没有吹风客服说活动就是没有的，还说满129在购物车加赠品，又不是第一天买在京东购物，没有证据证明，自认倒霉
1,苹果个头不大，可能是保存好的缘故，水分、糖分足足，似新摘，口感酸甜，适合我的口味。与*及网上的照片一致。物流神速、送货上门，不错！
1,考虑了苹果和华为，最终还是选择了华为，价格还可以，618活动加上券1720，还可以，配送没话说，包装盒里送了膜，挺人性化的，4g运存够用了，又买了64g的TF卡，这会爽歪歪了，一开始找不到返回键，后来才注意HOME上拨上返回，长见识了，还以为和手机一样有虚拟键。。。。
1,比MSI U100好多： 1、键盘是流行的突起设计； 2、触摸板很有质感； 3、电池设计巧妙，一体化工业水平强，容量大！
0,外观看上去老好的，进酒店房间一看大失所望。只能以破旧来形容了
1,显示屏不错，音乐播放很好，电池是索爱的优点。
0,垃圾倒爆！后悔买这玩意儿了！
1,物美价廉，穿着合适纯棉面料穿着非常舒服
1,给老妈买的38节礼物，用了2个月才来评价，很满意，比较轻便，实用也很流畅哦
1,虽然我住的是豪华房，但是房间的设施还是显得有些陈旧。早点并不是非常的丰富，不过我想对于在四星饭店里的50元钱的早点，可能是我要求过高了。不过这个酒店的门脸可这是够背的。藏在了一个小胡同里面。不过还好出租车司机都知道。
1,货已收到，还不错就是快递慢了点
0,物流很快!就是国太小了一点多不好吃不甜……
0,太差了，两个，一个非常小，而且很不新鲜
1,苹果很不错，绝对没有坏的，个头适中。挺不错的
1,我和孩子都很喜欢的书。画风清新可爱，尤其是翻译的好，句子简洁押韵。我注意了一下，译者大都是我国的一些儿童文学作家，以前就在《幼儿画报》之类的杂志上多次见到他们的名字。我认为这也是这套书最好的地方。和《汤姆小兔》一起买的，相比而言，后者更侧重孩子的心理描写，很细致。但由于采用了第一人称，宝宝有时似乎不是太明白。
0,东西现在都没到，昨天就给我确认收货了？？？？？？京东在搞什么名堂。
1,机场接机很贴心	前台也会询问是否要安静房.内部设施一般般	洗手台有些不方便.但是	当天我们是晚上11点到达桂林	工作人员很友好	很热情.当晚不慎把手机丢失在接机的面的车上.第二天早上还能失而复得.工作人员的这种精神值得称赞.总的来说	这家酒店让人觉得很温暖.机场专线就在楼下	去机场也很方便.
0,一个破落的酒店、开车路过不得不住！奇怪的服务员早晨四点钟不知为什么要开门进入我房间！！！！听到开门声我大呼wye？该女人一声对不起，走人啦、、、、、门口停车保安说24小时有人看守！早晨6点30分退房惊见保安在总台用椅子变成床呼呼大睡！停车场空城计！！！！其它不评述了、累！！！总之、万不得以、不住！
1,裤子到了之后立马就穿上了，大小非常合身，穿上感觉不错，厚度可以，冬天穿一点都不冷，太棒了！好评好评，也要推荐朋友也来买，不错的店家。
0,太垃圾了，洗几次了还是掉毛，建议不要买
0,两天就起毛，洗两次变色。扫兴
0,本来一颗心都不想给的，裤子有很重的怪味，洗都洗不掉，这是我在京东买的最差的物品
0,买了六套，送吹风机只是个传说……
1,手机还是不错的，只是刚买一个月掉水里屏坏了，到华为售后换个屏九百啊。。
1,苹果足称，味道不错，有一个烂了店家很快处理了。
1,因为对心理方面的书籍一直比较感兴趣，有朋友推荐我看这本书，于是我就买了，觉得很不错，里面的内容很实际，让我找到自己的人生中不好的模式，并在慢慢改正中，第一次看一口气就看到了底，但是这样云里雾里的，后来又慢慢看了一遍，终于悟懂了，而且现在还推荐我的很多朋友都看，并坚信只要你相信，只要你愿意去改变你自己，你很可能就可以改变命运！
1,给丈母娘买的，喜欢的不得了，我和老婆都挺开心的
1,个头有点小，吃起来还是挺好吃的，也非常新鲜，京东送货快，看中的就是这点
1,帮同事买的，第一个摔坏了，这是第二次回购的，质量还是过关的，价格比第一次买要便宜了两百块，看来这电子产品掉价就是快
0,感觉不太行，容易发热，而且发热的时候运行变慢
1,大品牌，裤子质量好！穿着挺舒服！
1,东西不错。活动时买的。信赖京东。
0,我想知道为什么没有耳机。这是什么鬼。什么原因。请商家解释一下。
0,我现在开始要抵制京东了，能**的，就不在这买了，当初为啥看好你，因为你可以**还白条，现在一步步的取消，那你还忽悠办什么光大**干啥，**，
1,宝贝刚拆开，摸起来质量还不错，挺满意的。发货速度也挺快，店家的服务态度也不错，总体来说很满意。好评送给你。
0,水份多是多，就是不甜的。有点失望。
1,这苹果水分大，而且很脆了，不大不小正好一个人吃。第一次买，就不错??????
1,包装很好，送货快，果好吃，5分
0,安装不是很方便，特别是sata驱动。有3个未知设备。不知道是什么。
0,破书啊呸，真是一本破书，孩子看了直接吓哭了。大卫画的跟骷髅一样。
0,我觉得很一般吧 不是贴身的而且还有点短
0,没有蓝牙、摄像头，连麦克风都省了 装XP有点小麻烦，MSDN原版没有SATA驱动无法安装，装雨林木风GHOST纯净版OK。 自带无线网卡驱动不能用，需到官网下载。
0,坚持不喝蒙牛伊利之流很久 我都坚持不买蒙牛快1年了。。。啥时候倒闭啊 已经不买蒙牛好几个月了，坚持到丫倒闭
1,非常好的酒店，无论是服务、设施还是交通、位置等都很方便，很多客人都会指定来这个酒店
1,位置好	去莫家街\华联\大十字等都非常方便	服务卫生不错	自助早餐丰盛	经济间稍小	性价比高.
1,质量很好，没有色差，面料穿上很舒服
1,整体看来东西一般。还未正式使用，使用后补充评价。
1,洗了衣服本挂在洗手间的，等外出回来，已经拿架子挂在阳台上！满意服务态度一流，看到的全是笑脸！开心房间虽然设施老化，但很干净！安心海景不错！爽
0,这类书的通病，字数不多，页数不少，卖钱呗！书里并没有什么新鲜的理论，例子也显得苍白。可能我已经过了看浅显易懂的励志书的年龄了吧，翻了翻就想送人了，没兴趣留在自己的书柜里。
1,这个有点偏小。。。甜度凑合凑合吧
1,给老妈买的，很喜欢，大气美观上档次
1,初次入住京华大酒店感觉大堂非常的靓丽，房间够大非常整洁。东芝液晶电视，HBO。酒店三楼中餐厅的扬州狮子头爽嫩滑口。酒店出门就是商业中心，步行至瘦西湖也就10多分钟。
1,蒙牛的香蕉奶超好喝的，浓浓的奶味儿香香又滑滑
1,非常好买了两条两条了感觉还不错他们家裤子也质量也不错。 店被收藏下次还会来买。
0,早班飞机，特地机场旁住一晚。不是很好找，周边环境晚上有些月黑风高之感。当天入住好像有一只传销团队在搞培训，晚上11点还吵吵闹闹的。去机场有接驳车，早上5点就开始了。
0,新机拿到手就有硬件问题，而且等了6天才到货，第二天就返修，到现在还没得到处理意见！
1,性价比高	键盘很合手	电池强无线打开6小时	用外置光驱装上XP	用原带的驱动盘安装驱动.只有声卡没有装上	手工下载安装后	一切正常.装了常用软件速度很快.真的很值	准备再买一台
0,买了进口红心火龙果三个 其中一个是白色的国产的 这商家有点不负责了吧
0,好差劲，跟水一样，洗完头发干的梳不开，太毛躁了，不行，差劲
1,质量不错，就是线头略多一点，感觉可以做得更好的。
1,质量很好，与店家描述的一致，物流也快，没想到在网上也可以买到这么好的裤子，非常满意的一次网购！！！
0,没有客服，所以给个差评，拍错了也没办法退换，第一次在京东买东西，很不愉快的购物。
1,和大部分如家差不多，就是半夜出来酒店的话，外面有很多卖小吃的摊子，不错
0,质量很差，做工粗糙，好像翻新的
0,不好买了二个月现在开不了机急啊，以后不在用华为的产品了。
0,物流太慢，尺码不对，我要的28给我发29.差评
1,牛仔裤收到了 包装好 物流快 宝贝尺码准 大小合适 面料不错 穿上很舒服 好评
0,真悲哀，泱泱大国，连牛奶都生产不出来，还拿什么能力去和日本的科技能力去竞争呢！悲哀啊！。 抵制日货有困难，抵制蒙牛应该没那么难吧。
1,苹果太小，而且不新鲜，而且个别苹果有瑕疵！包装日期还是5月18号的
0,手机非常差，使用一段时间才知道。华为的手机是那么差。屏幕显示不好。照相效果非常差。最要命的是听音乐的音质那么烂。比国产手机任何一个品牌都差。垃圾！
0,差到不能再差了。。。洗了一次就不能穿了，而且码太小了。一星都不想给。。
0,明明写的是加绒加厚，邮寄来的却是秋款
1,京东自营店信誉值得信赖，送货师傅服务没的说，满分好评，以后会继续购买。
1,铃声音色不错。显示效果也可以。电话薄500条，平常足够用了，而且支持分组，还可以在联系人项目里添加：四个电话号码、QQ号以及备忘录等。
1,华圣是我喜欢的苹果，脆生生的，甜里带一点酸，是小时候吃的味道
1,已经习惯在京东买买买了，东西有保证，快递放心！
1,挺好的，比超市还要便宜一些，而且送货上门，日期也新鲜。去屑效果挺好，一直在用清扬。
1,质量不错，很满意，样式也很好。与描述的一样。
0,房间地板特别脏，都是之前房客没打扫干净的东西，头发，垃圾什么的。打电话给前台说换房间，前台说让打扫卫生阿姨来看看，阿姨倒是很好很认真的扫。 只是这时候听到阿姨对讲机里传出前台不耐烦的声音“别让他换！换了之后弄的乱七八糟的！” 晚上睡觉时发现其中一张床的被子掀开，上面都是墨水还是什么的脏东西。 如果不改善的话以后是不会住这里了。
0,这也太小了吧，还说中型大小，明明是小果，第一次给京东差评
0,衣服尺码偏大。尺寸不正规。不满意的一次购物
0,这个包装 我也是醉了 是便宜，但你不能乱塞一通吧？ 说好了寄到门口一百米处的商店，你给送门口进去是什么意思？地址那么清楚！
1,苹果很新鲜，脆甜的。配送当天因有事，麻烦配送员送了两次，现在才道谢，对不起，谢谢。
0,擦，坚决不买切糕了，抵制，完全抵制!像抵制蒙牛双汇一样抵制!
0,我在预定时要求房间一定要安静	但还是给了我一间靠马路的房间	并对我的要求挂断电话	我对这个四星的号称没有冬天的酒店很失望.同样是在携程订的武汉酒店	我只是要求楼层高一点	酒店没办法达到我的要求	携程主动联系我	和我解释	我心情很愉快的接受了.所以环境不是主要	服务才是王道啊!
0,性价比低。390的房间无窗户。卫生一般。酒店像迷宫一样的，前台连个酒店标识也没有。卫生间设施毛巾是旧的。被子很潮。
1,还可以，用了二天了，没发现什么问题，速度还行
0,我们7人同行，订了2间标房，1间三人房，到酒店入住时告知三人房与两间标房分别在两幢楼的，三人房check in的时候又告知房间有问题，还要给了我们两间标房，房间内设施齐全，但是洗澡水放出来就象泥水，要放15分钟才干净，楼内服务台没有服务人员，总体感觉不是很满意。
0,买了3个烂了2个，618的生鲜再也不会买
0,千万别在网上买水果不新鲜，还烂了几个。
1,裤子质量超级好穿起来很舒适，洗了也不担心掉色哦！牛仔裤还是要选择不掉色的好！全五分好评！满意的一次购物！
0,刚买后的第二天就开始送东地西了。难过哦难过/难过
0,新校区超市卖蒙牛毒奶。请大家不要买！麻烦帮转！@谢哈哈笑哈哈
1,裤子到了，快递很快两天就到了。质量很不错，包装没破损。裤子感觉很修身
0,鼠标不舒服，显示器分辨率、刷新率太低.装XP系统有点麻码，花了一下午的时间，建议厂家在盘中写一份详细的安装说明书。
0,很失望，全是图片，几句讲解智慧书和综合书类小孩看会儿，就走神儿图片印刷也一般价格也不便宜不值得
0,服务态度差得要命，爱理不理各种推卸，房型格局很差，梳妆台都没有纸巾，只有一张床有纸巾，没有洗澡的拖鞋，洗完了脚踩在水里又脏了
0,等了一周才到的而且让我去很远的地方去拿， 裤子拆开拿到手里就发现手上是裤子的颜料，掉色太严重了，大家千万不要买啊！！！ 好坑啊
1,快递给力，宝贝基本没色差，面料很舒服，码号也很准，大爱！
1,洗头膏已经收到，快递员很热情，打开看了一下是正品京东自营就是给力。
1,感觉还行，迷你包装出门携带很方便。日期也挺好，到2019。
1,裤子图片与实物一样，很好看，摸着手感不错，物流也特别快，最重要的是穿着非常舒服
0,对华为手机没意见，差评打给京东快递，当时着急用才会选京东（价格比其他平台高出100元），自营有货商品，系统显示7日晚送到，结果10日才送到。中间三日在线客服电话客服竟无一人能给出原因，无人能告知何时能送货。送货慢，还比别人贵，不知懂京东还剩什么！非常失望
1,咋天下单今天到货物流快，苹果个不大，脆有点酸还可以。
1,配置还算主流，接口齐全（USB口*3、HIMI*1），附件也都有了（蓝牙、摄像头、麦克风、Modem），一般游戏不成问题。 PS：FN功能键不能用的问题装个软件就解决了，三星官网上有。
0,挺多！首先是散热，触摸板右侧 热，很难熬过夏天的！笔记本放在桌子上不平，右下角需垫点东西，说明磨具工艺比较差！没有装系统就算了，随即光盘居然只有vista驱动，找驱动麻烦，新手会比较头疼。
1,酒店的地理位置非常棒	住的高级商务间.感觉房间非常小.门童和服务生都非常热情.还有免费的水果.地毯和装修有些陈旧~
0,稍微有点重，风扇和硬盘有点声音，尤其在晚上安静的时候，另外linux系统不方便
0,首先翻译的不好，其次内容干涩，都不能激起大人对阅读的兴趣
1,有点小，另外有一个已经稀烂，不过快递员送货时就跟我说了，这点还是不错
1,希望是捐助3万美元物资，最好是蒙牛牛奶
0,六心电池装在后面突出一大块影响美观，速度慢机器有点卡，放歌一停顿一停顿，重量比一般的上网本重，触摸板鼠标反应不灵敏，滑的区域太小，
0,什么破玩意，有问题就找不到人了，这样吧！那样吧！不行就算了，太差了
1,房间很大，交通方便。早餐还可以。下次去沈阳，还是住那。补充点评 2007年12月25日 ： 贵了一点，如果不是公司付账不会住那。
1,没有早餐	非常不方便.另外	对于在携程上点评后	酒店方有小礼品赠品	事先并不知道	是在结帐时看到前台有这样的标牌.能否有人提醒一下.
0,定了两只，一只烂成这样...差评！
0,用起不舒服 女友用了 也一样 头痒！
0,实体店才卖*.买完才知道，你能还转着活动，骗人
0,疑假，和超市买的不一样，味道也淡些……
1,东西很好很喜欢，物有所值
1,性能稳定、配置比较实用， 沿承了thinkpad的品质 噪音控制很好
0,继续抵制 换汤不换药有个蛋用…… 一个B子换件衣服就想当圣女，扯蛋吧没用的，只要看到“蒙牛”两个字我就不会买……
0,大家小心吧~ 蒙牛的产品质量真是令人堪忧！
1,不错不错 用着很好 值得拥有 支持支持
1,裤子很不错啊，平时很少在京东上买东西，第一次没让人失望，面料不错啊虽然贵了点，但是很值啊推荐给大家
0,有点儿偏贵，酒店前台服务态度不是很友好，但酒店装修不错，酒店房间有点儿小，卫生条件不错，主要觉得是部队酒店才去的
1,一次一个大套装，大瓶三个，小瓶五个，够用一阵子的了，第一次用沙宣，还行吧。
1,发货速度快，价格实惠。 品质很好，一直在京东买。相信京东。
1,发货快！包装高大上！品尝了一个！水分不错！口感不错！不是特别甜那种！自己觉得还不错！就是从来没有享受过送货到门的服务！每次都是在大门自己拿！虽然快递哥服务还好！就是一样想享受送货到家！这样就更好了
0,这家酒店是我见过最差的酒店，里面的卫浴设施是80年代的，还不如那种100一晚的炮房
1,裤子是正品，穿着很合适舒服。
0,开始看还可以，可是缩水到无法穿了。
1,大床房非常好．最值得推荐的是游泳池和免费长途电话，缺点是大堂太小以及门口的出租车，只要是去机场肯定多要钱，从机场来时只７４元，去机场要１００元，没时间和他理论．
1,TM的机器发热控制要比家用的好，价格方面也很不错，这个价位这个配置，只能用超值来形容
0,这苹果又小又涩实在不好吃，下次再也不买了
1,大堂不怎么样，可房间住得很舒服。最满意的地方是酒店的大堂副理和客服人员，对顾客的要求可以及时，尽心尽力的去完成。让人有家的感觉。借此感谢一下他们。
0,页面显示的赠送蓝牙耳机我买了，竟然没有，问客服，竟然说，没那活动，没有你们显示赠送什么蓝牙耳机啊。投诉完，页面上赠品就给去掉了。我买的时候怎么不去掉啊。这么晚，迟早完蛋。以后再也不会在京东买东西了，欺骗消费者！
0,日期不新鲜了，过了两年了，怪不得拿出来搞活动……
1,穿着十分舒服，质量很不错，整体感觉确实不错。而且价格相当实惠，可以说是价廉物美。值得购买。穿着刚好，物流很快，客服态度也热情！还可以
0,横屏看爱奇艺，下边的进度条点不动
0,我一直用这个牌子 这款 以前一直在超市或者屈臣氏买 感觉不错 这次在京东买的 觉得不对 头都洗不干净一样 我在京东买了很多东西了 这个 我真的觉得有点怕了 因为一直在用 比较的出来 以前买的其他东西我现在有点怀疑了
0,苹果小的可怜，有些已经不知道什么时候的了，都已经缩水干了。
0,饿死也不喝 同样，贴钱我也不喝，抵制蒙牛全系产品 飞机上口渴，看到蒙牛酸奶我都不喝呵呵，近十年未消费，此生也不会消费 对蒙牛这种大企业来说消费者是不是就好像一条狗啊？蒙牛真是高级黑自黑无极限啊.....
1,房间设施不错，服务也比较到位，地理位置比较好
1,东西不错很有弹性，穿着舒服，样式好看，物流很快不错物美价廉。
0,发现是被人用过的退的货！非常失望！真的很失望。把别人退的货发给我，太不地道了！
0,东西收到后很不好 都烂了 也有没烂的 不过口感不好 唯一感到满意的就是京东的服务
0,不好吃和超市买的差距太大主要火龙果都是生的特别绿
1,宝贝收到了 物流非常迅速！衣服大小合适 面料也不错 性价比很高 和描述的一致！
1,很好用 玩梦幻西游 光明大陆一点都不卡 很喜欢
1,荣耀畅玩平板2 WiFi版 9.6英寸，用了一段时间，各方面还行。
1,一直用清扬男士洗发水，还真是挺喜欢的，好用，京东快递也挺快的
0,差评，没送到货就显示订单已完成，售后说要送券补偿现在还没送。
0,对蒙牛和部分国产牛奶厂家，很无语。
1,此本价格便宜配置较高，最好的是硬盘驱都分好了而且还把驱动保存好了，装个xp就可以用了，非常方便哦
1,装个XP，结果好像是没有安装合适的驱动，所以打魔兽争霸都卡的要命，打华硕售后服务，原来在官方就没有针对XP的驱动，大部分都是VISTA下的驱动，因为看见许多朋友装XP都很成功，所以急切希望用S97V这款笔记本的朋友们把XP下的驱动共享出来，总体来说，不错
0,在常德，酒店价格偏高，房间很小，床很窄，屋内地毯较脏，味道也很难闻，不知道携程对宾馆的条件有没有要求，太让我失望了。
1,M3青春版好像是高通晓龙435吧？？有点发热喔，
0,我跟本就没有收到这本书，你们网站到底是怎么一回事。买了本书到了现在还没有收到。我真的很失望，书都没有收到叫我写什么评论。多的不想说了，就是一句话，我在你们那里买了这本书，到现在我都没有还没有收到书。
0,说实话，不是我不说好，实在是不知道怎么评价，地摊货都比这好，这分我都不想给
1,还好了	房间的窗户是不能打开的	电梯要刷卡才能上楼	保安性不错.这个酒店我住过很多次了	可以肯定的是挂二星的牌	并不是携程网所显示的三星级酒店.
1,质量好，做工精细，款式新，穿着舒服，非常满意
1,可以说是金华最好的宾馆了，但不是性价比最高的。金华没有比它好的，但是同星级的不是最好，还过的去吧，价格高了点
0,根本就没有收到货！！！！！！但系统竟然显示已签收！！！！！
0,发热是普遍的，不过从07年我就开始使用的6515b的情况看，这个热是没有带来任何问题的，你不要常用手去摸当它不存在好了，除非你要煮鸡蛋，哈哈
0,住过最差的酒店，空调漏了，滴答滴答，抽水马桶漏水，最可气的是居然包里还少钱了！也报警了，可也没个所以然，大堂经理姓徐（许）更是缺乏一个四星级管理人员最起码的素养，不知道这样的设施和服务怎会评上四星级的，绝对不会再去住了
0,我买的中干性的，但是给我发的油性的，我是买来囤货的，因为太相信京东所以一开始没有看就放进柜子里了，现在拿出来想用了才发现给我发错货了，不给退货我可以理解毕竟时间太长了，也怪我大意。但是要不是它给我发错货，也没后面这些事！一百多一瓶还不是最适合自己的，想想就很不爽！
0,外形设计不是很好，不是和人家三星学了那么多年吗？怎么设计出的东西还是不时尚啊。拍摄出来的画面效果有点惨不忍睹，而且只能拍一分钟也实在满足不了大家的需要啊。
0,我晕，我的订单包括这本书，订单的其它东东货有到手上，偏偏这本书给落了。
0,与图片一点都不符，骗子，就是一件普普通通的背心。
1,能够了解经义的人，就好像喝了牛奶。可以调伏身心的人，就好像吃了乳酪。与法教能相应的人，就好像品味生酥。有了大乘智慧的人，就好像尝到熟酥。总持一切法门的人，就仿佛品到醍醐之味。牛奶的醇香，乳酪的香甜，想起两样好吃的东西，就会流。。。。。，原来佛学中有些也是来源于真实的生活，修心养性，不错，一举两得。
1,做工很好	比较精细	 外形时尚也很轻薄	 启动速度比较快	上网速度也很快	 160G空间足够一般性软件使用	完全实用	 性价比很高
1,前天想和冷的，就买全了蒙牛光明伊利，至今还没开始…纯纯纯纯纯牛奶。想喝光明屋顶奶~
1,这是第二次入住此酒店了，感觉酒店总体比较好，服务生档次层次不齐，有的很有礼貌，有的根本当没你这个人~~~房间没冰箱是一个比较遗憾的地方
0,不好，除了充电器什么都没有
0,房卡插电地方坏了 大晚上的经常跳电 原来住过好多从都没碰到过这样的房间 6楼的房间不是应该好一点的么？
1,1键盘下面腕托部分因为没自带系统 只有Intel NVIDIA nba 三标签 干净简单 2触摸板上有细密的凸起小点 用着比较舒服 3配置很不错 性价比高 虽然降了200挺不爽 4散热挺好的 至少目前如此 4 nba版 比较个性  5没自带微软系统  省钱了应该
0,洗发水太差了 洗了一次 洗得头发又干 头皮屑又多？我想说 我能退么？
0,乱七八糟	错漏百出	没想到当当还卖这样的书!
0,明显有色差，感觉亏死。这面料也能上百?
0,味道不好吃，苹果个头特别小，吃了这个苹果感觉自己不喜欢吃苹果了，唉，很失望的一次购物
0,比上次买的ideapad s10重不少。有点厚，不过都是为了电池，欲与熊掌不可兼得
1,放冰箱了，夏天太热了怕坏了，个头挺大的
0,到货全都坏了，时间又久，还是不能买
0,发票开错了，都不给更改，这也太霸王条款了。以后大家都要注意。
1,款式和质量都很好，老公很喜欢，质量还蛮厚的	颜色也很正，确实很不错
0,看了当当的推荐和网评，于是下决心买来看看，看过后发现并没有想象中的那么有趣，有时还觉得很幼稚，不知道我他真的不令我满意还是我不懂韩国式的幽默！
1,苹果也比较大个，价格不贵，吃起来香、翠、甜；很好
1,已经是第二次来仙湖酒店，感觉没有上次好了。这次住的是438的豪华房，生态游套 票。酒店房间住的算是最好的了，还是觉得旧，不舒适。游泳池不错。早餐实在差。去农庄滑草还是很好玩的。祈福轩的中餐味道好，价钱也不贵。
1,这个价格太优惠了，超市要比这里贵很多， 我相信用起来也不错，大家快动起手来买！
1,发热量不大，键盘手感不错，笔记本的客服很专业，外观很漂亮，至少比市面上的价格低300-600元左右
1,特意用了一段时间再来评价的不卡，很好，这个价位性价比真的很高
0,不支持蓝牙红外，短信只有70个字，要精心对待不然就会死机，内存太小，网上很多的铃声游戏都不支持，没法从网上下载QQ软件
1,第二天就能收到了，感觉真的不错，用了一下
0,作者完全是以一个过来的自认为是成功者的角度去写这个问题，感觉很不客观。虽然不是很喜欢，但是，有不少的观点还是可取的。
0,味道有点刺鼻，洗后不太顺滑，好像不是正品
1,我住的是高级商务间，房间很宽敞，服务也不错。但是，1，没有浴盆；2，早餐太次；3，商务间没有宽带！4，换了几个电视遥控器，还是站在电视前才能遥控。
0,劝大家不要买了，跟超市的不一样，洗之后头皮多，更油，而且很痒。凭心而论。
1,没打蜡的，感觉很不错，配送很快感觉很好，值得拥有！
0,不怎么样，而且我刚买，又降价，超不值的，
0,主要是深圳产，广东深圳一带的产品最好不要买，我的手机也是自动开关机不定。
0,太差，首先服务态度，其次房间设施，洗澡时一拿浴头，竖杆掉了，差点被砸着。饮食超级贵，消费不起，出去吃又没地方，不方便，只好买了泡面。以后坚决否决，不推荐
1,地理位置优越，交通方便，饭店环境好，服务优良，洗衣迅捷。
1,酒店环境还可以，特别是一对白虎很吸引人，但房间一般，价格偏高，达不到五星的标准，而且吃饭特贵，周边没有任何配套设施，有点“宰人”的嫌疑。
1,苹果太小了，味道一般的，速递速度很快，值得赞一个，买的是套餐，还算优惠吧、、、、、、、、
1,近临富春江边，环境优美，喜欢早晨锻炼身体的好场所。
1,限用日期2020，03	31，日期新鲜，洗后头发清爽，控油效果好，值得囤货，*活动，非常实惠
1,衣服很好，质量不错，值得一买，不过我买的好像有点小了。
0,放音乐有一喇叭不响。。虽然这么买了已经很多天。要求换一台
0,酒店服务还可以，就是设施有点旧了，抽水马桶坏了（应该是自动上水装置出现问题），每次冲过水后，水还是不断的流，为了节约用水（水很宝贵，不能浪费），我就把马桶后面的水阀关掉。本来准备住两天，可是看酒店的设施太差，住了一天就去义乌了，在义乌住两天。这家酒店价位比义乌的假日之星连锁酒店贵，但是设施还没有假日之星的设施好。
0,给的是最小的吗？买第一次时大小还行，这次买的还没梨大，今天准备吃时，发现长毛了，不会再次购买
0,非常失望的一次购物，wf信号特差，同样地点别人满格我这手机二格，别人二三格我没有
1,很喜欢这款，质量不错，穿上去很修身，很满意这次购物。
1,苹果好小，不是80级别的，不知是不是发错了。
1,看起来不错，做工精细，穿上挺舒服的，显得大气。
0,不是很专业的，就是作者个人的一些体验，并不适用于所有人。
1,非常可以，华为先用用看
1,虽然有点小，但是很新鲜，口感不错
1,投诉内容： 2009-5-22收到一张发票号码：02840189(上面写着订单号：4491950）金额为：8591元，但是实际上4月9号订单号：4491950 金额应该是：11808元，这样的财务水准是不是有点问题？？？？？？？？？？现在汇款（货款）金额与发票金额不符财务没用办法入账？？？？？？？？？？？？？
0,可惜就是这个LINUX系统，还要麻烦用U盘重装系统，但要不是装这个系统也不会有这样的价钱
1,包装很好 面膜用起来很舒服，还送了三件套，服务态度很好，快递也很快。?
1,买早了，618当天更实惠，，还送一大瓶护发素，不过也算实惠了，还没使用，囤货
0,从来没看过，不太值得。可能不太适合吧
1,华为的平板很棒，连买了两个
1,1. 这本书对王守仁的思想做了很全面系统的介绍和评价。2. 指出了守仁进步的一面和局限3. 对后世批判守仁也做了全面的介绍和解析4. 当年明月对王守仁的思想理解有些偏差，王守仁同样讲“去人欲”，不可不详细研读5. 无论后世怎样评价王守仁，都无法掩盖一代牛人的光芒。6. 至于对守仁的批判，作为学者的他，若地下有知，必然欣喜。
1,668元国美刚买的	不错600条电话	160条信息	有收音机	能上网
1,滑盖十分流畅，显示屏够大！有自拍镜功能！支持JAVA。
0,个头大小不一，且差别有点大，新鲜程度一般般。
0,洗完之后头发会痒，感觉不是正品
1,苹果小了点，但是味道还不错，挺甜的！！！
1,很好用，洗了头发很柔软，不会有头屑，保湿效果很好。
0,用起来头发感觉很干，发涩。这么便宜，难道是假的？
0,号码根本不转你让老子怎么穿这么紧
0,帮老外定的 客户很不满意 说服务设施硬件都不满意
0,受话器声音微弱，怎么办，开最大音量也不行，尤其是地铁里和公交车车上更听不清
1,短袖还蛮耐脏，舒适好洗，很好
1,还不错，速度也快，感觉都还可以。
1,在京东买过最后悔的东西之一就是苹果……买了三箱刚开始从表面只能辨认出坏了10个，结果真正吃的时候发现还有好几个里面也坏了的……以后应该不会再买京东全球购和京东生鲜了，不过京东的其他东西还是不错的……
1,已经收到了！感觉有点差强人意！穿了之后再说吧
0,柠檬不新鲜，竟然有一个带这么多麻点，不敢吃了。火龙果买了一组三个，本应该大小差不多，缺收到大中小三个号，大小差距明显！！
0,这个不好 吃完嘴唇难受 还是吃应季的水果吧
1,面料很不错，老公很喜欢，物流快
1,不错，不错，挺甜的，不过话又说回来，苹果不是很大，苹果肉有点紧，需要用力咬，哈哈，下次想吃苹果时再来买！
1,不错，没有色差，布料也很好，穿着也舒适，快递很给力，以后还会光顾
0,质量差的太远了，简直就是没办法穿
0,一般般啦一般般啦一般般啦一般般啦一般
0,买6个，发来后坏三个，太差劲了。什么商家？
1,裤子质量很好，很喜欢，穿起来舒服。喜欢的朋友们不要犹豫了，抓紧购买吧
1,非常好的一款洗发露，沙宣的，大牌子，八瓶装，很超值，秒杀买的，很便宜，还没用，用过后在来评价质量。
0,不好，千万别因为几瓶试用装，贪小便宜，没提前的还用
0,酒店很旧，设施陈旧！花洒漏水
1,很好很舒服很好很舒服很好很舒服
0,以前对华为的产品质量很信赖。通过这次购买的华为荣耀平板2，我热血的心一下凉了。先是卡槽的问题，再是屏幕分辨率问题，客服只会解释，不会解决问题。客户花钱想买一个省心，客服只会让你浪费时间和路费，让你去网点检测，然后再给你一大堆的解释。
1,不是第一次买了，觉得好新鲜才会回购，但这次有点失望，磕磕碰碰伤的果多，颜色不鲜艳像卖了很久似的。吃起来口感也一般了！好在售后服务到位。包装盒很臭！
0,寄来极其不新鲜，吃了一个超级酸，剩下两个忘记了，三天以后看见都长毛了
1,物流的速度那真是没得说，不到24个小时就拿到了，看上去很不错，质量要等用了之后才知道，感觉蛮好。
0,拿到手是原包装，拆开后机器外有点脏，心里不爽，这个与联想有关！看了下说明书，没什么用。这个我早就想到。因为以前天逸本本就是。通电进BIOS，对外箱一切OK！屏幕完美屏！键盘没传说中的多么好用！字数限制
1,装系统的时候，最初选的是番茄花园，没有成功，还是换成了Windows 7，过程很顺利。
1,控油效果很不错，因是零硅油配方，洗完头发有点干涩，配合送的护发素使用效果很好，且套装购买很划算哦！京东快递准时，赞??！
1,速度很快，估计装vista都没有问题。 屏幕也很亮 风扇噪音很小
0,除了地理位置以外真想不出有什么好的地方
1,外表俊朗，功能强大，通话效果好，超大的屏幕，显示效果也是相当不错，性价比极高，在这个价位简直无可匹敌。。
0,我本来真真的想忍了就算了 忍不了 一开始的确实品质不错 到仅限于我买的第一批 以后的都特么太垃圾
0,给老公买的，他不是很满意，包装简单，耳机不理想，凑合用吧！
1,正在使用当中，目前没啥问题，希望一直保持下去。
0,裤子还是比较透气的，还好，但是穿上去不到一个来月，实际还穿不到一个月，现在线都崩了，裤子都完蛋不能穿了，这质量也太差了吧，
1,1.精致小巧。2.键盘设计整体表现干净利落整洁。3.影像拍摄清晰细腻。4.内置颇具人性化设计之“化身”程序，可对不同联系人进行设置，这点极具创意。
1,酒店装修有些旧，电梯都是最老式的。但房间应该重新装修过，比较大也比较干净。位置极好，离汽车总站很近，对面有新一佳也很方便。
0,我朋友住了2个小时就给我电话让我帮忙退房。她说酒店设备非常陈旧，服务也不好。具体我没有细问。不过可以肯定住了会后悔。
0,刚收到时，看了下，表面上觉得还可以，可是这是吃的第三个，就是这样的，不知道接下去的是什么样的！求京东给个说法！有图有真相，希望大家在京东生鲜买水果或者其他的东西的时候，下手要慎重！
0,裤子质量差就不说了，说着修身，买回来一点都不修身，我买的还是最小码，而且还发错货，退货太麻烦，就不多说了，再也不买了
1,LED的屏幕还是不错的	就是太亮了	有点反光.多功能的触摸板也是一大亮点
1,非常不错 把果粉转为花粉 支持华为
0,小孩子用的，没有耳机，手机配件不理想，也没有手机膜
0,衣服还行，就是码偏大太多了买会回来穿不了
1,第二次买了，很满意，全5分
1,衣服不错 很满意质量挺好的 很满意料子摸着挺舒服的
1,房间整洁，交通便利，服务态度好，该酒店的豪华房配备的按摩椅相当有特色，也很实用。
1,卖相很好，很新鲜，我是**生鲜的老客户，618 第一次在京东上买水果，本次购买赶脚很满意！
1,性能非常好，硬件很强大，外观时尚大方，玩网游速度非常快，华为的良心之作，追剧神器，手握着比较轻薄不累手，这个买对了，诛仙定制版有收藏意义，好评
1,居然有个这么烂的。外面是好的。里面烂完了。不晓得剩下的是不是好的。
1,宝贝已经收到，质量非常的好！
1,这款清扬洗发露还不错啦，薄荷味的
0,房间整体还行，为赶早班机住一晚，交通便捷
0,之前一直在**买的，味道跟香，有种淡淡的香味，而这个洗的时候也不香，干了也不香
0,感觉跟参水了，太稀了，坑
1,好，不错，得蛮多的，划算，喜欢
1,非常不错，一直用清扬这个牌子，非常信赖京东!
0,实在比较差的酒店，强烈不推荐！CTRIP现在也越来越不象话！！定的还是豪标房，一进房间，居然两个床靠在一
0,卫生服务极差，wifi信号极差，所有的电源口都不好用
0,包装得很简陋，也不裹下，不怕坏了吗，啥也没送，耳机也没，有点失望速度是非常快，第二天就到了
0,请没买机器的人别买了，华为的售后一塌糊涂，回答问题一点也不专业，应用市场打不开说用户平板的问题，解释说上网人多了，这个市场就进不去了，那你们还生产这个机器干吗，不找找自身问题，出了问题往用户身上推。公司领导也不知道哪里请来这么不专业得客服。还不如人家联想呢，以后再也不户买了，国产的垃圾！
0,没照片上看的好，质量一般。
1,还不错的酒店	就是总体色调比较昏暗	可能是因为有些时日的原因吧~
0,用了半个月了，感觉就一个字：爽！做工好，价格低，配送快，没话说了，一个字：好！
0,我一看天啊跟超市里面捡出来没人要的苹果一样，还那么贵，跟照片一点都不符合。再也不买了。
1,款型不错，裤腿稍窄了点，质量挺好。
0,非常的失望，穿了一天，裤带线掉了，拍照片给客服，说不清晰，还要拍整条裤子，搞得我好像要呃你们一样，难道我还要去买个单反拍个无ma高清给您么，照片裤带掉了，这么清楚都看不到………………………………非常之失望
1,裤子不错，买好几条了。很喜欢
1,大多数看起来还行，有几个发青的。
1,不错噢洗了头发滑滑的?喜欢还送了很多便装大爱出游带上刚刚好
0,赠的流量卡两天就坏掉了。。钱也白充。。售后都不知道找谁啊。。。
1,还不错的一家酒店，位置比价安静，房间也还不错，就是出门打车要走出一段距离。酒店商品部的服务很一般，态度极其冷淡，应该下岗。
0,火龙果是咸的，而且很咸，目前打开3个，都是咸的！我长那么大，吃了那么多火龙果，第一次吃到这么难吃而且味道很咸很咸很咸的火龙果，差评！
0,假货，头屑多的停不下来，头皮痒痒痒痒….，一下买了好几瓶，真是浪费了。希望大家以我为教训，千万别图便宜图省事在网上买了。京东已经不值得大家信赖了
0,一般，非常一般，对不起这个价格
0,差评！到了酒店已开始说给升级套房、这点是还不错，但是明明房卡上盖的是含早餐、结果我们刚到餐厅报房间号的时候不说是不含早的，等我们吃上了、才告诉我们是搞错了、搞错也是你们的事情吧、凭什么要我们多花钱呢？你们不弄错是含早餐的我们也不会来吃！两个人吃四百的早餐有病啊！再也不
1,我一直以为世界首富是比尔&#183;盖茨或沃伦&#183;巴菲特，现在我才知道哦啊世界上还有这样一个隐形的真正世界首富，而且他们还与世界历史上许多战争和金融危机有关。原来世界史还有这样的一面，真是令人打开眼界。
0,苹果也小了，和自己想象不一样，而且买完就降价，不开心
0,携程的特价，房间也挺奇葩的。毛巾枕头看着黄黄的真不干净。给了最顶头的房间，去换了，给了有轰轰轰的声音的房间，几乎一夜未眠。前年住这家酒店貌似也这样。绝对不会入住第三次了！必须多加钱住到南航明珠去，至少晚上能睡着！
0,屏幕有点软，合上盖，用手拿着机器，明显有按进去的感觉，这点就不如我朋友买的苹果的屏幕了。另外不知道是不是我还没有煲的关系，音响有点刺耳。
1,我们在酒店用的是亲子游套餐。酒店和周边环境很好，服务人员热情有礼。非常满意。饮食价廉物美。下次若有机会，我们会再来该酒店。
